id,name,blurb,goal,log_goal,currency,country,main_category,subcategory,city,location_state,created_at,launched_at,deadline,target
939,Dickshark; the long and short re-edits.,This is NOT porn!,2000.0,7.601402334583733,USD,US,Film & Video,Horror,Dallas,TX,1666140600,1667361766,1669957366,1
89,"YUME, réveillez-vous",Jeu de plateau coopératif par l'artiste Jo Villette,1000.0,6.90875477931522,EUR,FR,Games,Tabletop Games,Auch,Midi-Pyrenees,1758557799,1761872442,1765407540,1
505,Unitopia & The 9 Realms Collectibles,Bring the magical world of Unitopia & The 9 Realms to life with 10 unique unicorn collectibles!,35000.0,10.463131911491969,USD,US,Design,Toys,Los Angeles,CA,1737166902,1737955543,1739599140,0
1178,Aiorank.com,Le premier site de streaming de site internet.,37000.0,10.518700218288163,EUR,FR,Technology,Web,Limoges,Limousin,1592827454,1592991582,1596276720,0
221,K-pop Demon Hunters enamel pins,"A kawaii set of enamel pins inspired by K-pop Demon Hunters, in my style!",2000.0,7.601402334583733,GBP,GB,Art,Illustration,Cambridge,England,1755339398,1755365001,1757665200,0
1972,Powder Her Face,"Considered the most controversial opera of the past two decades, Ades ""Powder Her Face"" is a witty tale of life, lust and vanity.",2000.0,7.601402334583733,USD,US,Art,Performance Art,Houston,TX,1317945608,1319125418,1321077540,1
81,inspired by illusions - interferences - new album!,"For all who enjoy instrumental post-rock. Support the new album release of inspired by illusions, based in Germany, near Stuttgart.",1000.0,6.90875477931522,EUR,DE,Music,Rock,Ludwigsburg,Baden-Wurttemberg,1762467406,1763890610,1766357940,1
190,The Shades of Black Origins Anthology,Learn the stories behind Shades of Black.,2000.0,7.601402334583733,USD,US,Publishing,Anthologies,Tucson,AZ,1733184257,1758355134,1759564734,1
736,Kamouflage,A portrait film by Zillah Rauter,3000.0,8.006700845440367,GBP,GB,Film & Video,Documentary,London,England,1712149011,1714058783,1716206340,1
400,UTF´s der Bundeswehr,3D Druckbare STL Dateien für den Sammler. UTF Fahrzeuge der Bundeswehr (Maßstab 1:100),500.0,6.2166061010848646,EUR,DE,Games,Tabletop Games,Deutsch,Saxony-Anhalt,1745100560,1745139384,1746348984,0
1482,Tennibot: The World’s First Robotic Tennis Ball Collector,Autonomous & intelligent robot saves players and coaches time by eliminating the tedious task of collecting tennis balls!,35000.0,10.463131911491969,USD,US,Technology,Robots,Boston,MA,1521815024,1524577351,1528465351,1
1437,Davidson RobotEx 2018,Davidson High School is looking for help with expenses involved in competing in the B.E.S.T. Robotics competition for 2018.,1000.0,6.90875477931522,USD,US,Technology,Robots,Mobile,AL,1536266594,1536862741,1538856000,1
1417,"""Sight"" - 1 Minute Horror Short Film",A SWAT Team is terrorized by a demonic presence after raiding a deadly cult.,300.0,5.707110264748875,USD,US,Film & Video,Horror,Los Angeles,CA,1542748468,1543440887,1544216400,1
899,The Nonsense sea creature by 3D Mikron,"Pre-Supported .STL files and Physical Resin 3D printed models for use in Tabletop gaming, 3D printing and Miniatures.",800.0,6.68586094706836,HKD,HK,Crafts,Printing,Hong Kong,Hong Kong Island,1682310400,1683969359,1686129359,0
487,Memdock G2 True Customizable-Keys 7-in-1 Hub for Easy Access,7-in-1 Hub｜7 Keys & 1 Knob｜6 Full-DIY Keys｜Plug and Play Hub｜100W PD Charge｜4K@60Hz｜SD/TF 5G Slots｜Support Steam Deck & Nintendo Switch,30000.0,10.308985993422082,HKD,HK,Technology,Gadgets,Hong Kong,Hong Kong Island,1735703758,1738047658,1740639658,1
1638,On the Trail with Mike Schneider,The wilderness at our doorstep! We're taking a highly-rated Public Broadcasting Special & turning it into a series.,30000.0,10.308985993422082,USD,US,Film & Video,Television,New York,NY,1477422614,1477678607,1480274207,0
1983,Winsor McCay Resurrection Project,"Independent animator Bill Plympton restores & updates Winsor McCay's 1921 classic, THE FLYING HOUSE by cleaning & coloring each frame.",10000.0,9.210440366976515,USD,US,Film & Video,Animation,New York,NY,1308116680,1308170436,1310762436,1
1611,Healing Beyond Science: A personal Story,Martin Palmer investigates this controversial therapy with exclusive access to those with the healing hands,2500.0,7.824445930877619,GBP,GB,Film & Video,Television,London,England,1484576313,1484834500,1490014900,0
109,KPop Demon Hunters || Rumi + Jinu PJs by Crisoco,Designed in Canada! This is to help fund the production of these super cute Rumi and Jinu inspired PJ sets!,2500.0,7.824445930877619,CAD,CA,Fashion,Apparel,Hamilton,ON,1755814156,1758862122,1764049722,0
1642,Tha Slumber Party,"A local Houston TV show, Tha Slumber Party, is a night time, lingerie wearing,talk show involving 4 exotic women who are best friends,",25000.0,10.12667110305036,USD,US,Film & Video,Television,Houston,TX,1473655497,1473695372,1478882972,0
1430,Vortex - An Experimental Short Film - Post Production,An alienated man has no idea of what’s going on outside his decrepit apartment in Burbank as surrealistic events start happening.,1000.0,6.90875477931522,USD,US,Art,Video Art,Burbank,CA,1531089526,1537364870,1539956870,0
384,FabricForge,Bring Your Imagination to Life—Custom Plushies Crafted from Your Lore! ║Sew your story. Weave your way into the wonders of PLUSHIES!║,2000.0,7.601402334583733,USD,US,Design,Toys,El Paso,TX,1740791063,1742051407,1747235407,0
985,Products with you in mind!,"We are a disabled veteran-owned small business, help us on our journey.",2500.0,7.824445930877619,USD,US,Fashion,Jewelry,New York,NY,1656682893,1657049042,1659641042,0
877,"Siege Perilous - ""Creation's Call"" EP",Help us tell 4 Epic Power Metal Stories by supporting our EP!,2000.0,7.601402334583733,USD,US,Music,Metal,Denver,CO,1689866877,1691150429,1693742429,1
1980,Embodied: A multifaceted one-woman musical performance,"My calling in the world is to transform lives. In this case, I seek to effect the lives of others by performing the music I've created.",2200.0,7.696667081526462,USD,US,Art,Performance Art,Seattle,WA,1308275067,1308345629,1312233629,1
1486,3er Foro Internacional: Música para todos y para todo,"Encuentro interdisciplinario, intergeneracional y multicultural con el objetivo de que la música y el arte sean para tod@s",450000.0,13.017005083966255,MXN,MX,Music,World Music,Guadalajara,Baja California,1523235396,1525278465,1527870465,0
1306,The Advocate Network,"To create a network of patient advocates, social workers, and supportive people to ensure that all patients receive compassionate care.",1000.0,6.90875477931522,USD,US,Journalism,Web,Boston,MA,1563367234,1563849467,1566441467,0
1784,Woolet: The Slimmest Wallet for the Modern Man,"A next generation wallet that keeps your cash and cards safe. Ultra slim, bluetooth-powered, self-charging & handcrafted to perfection.",15000.0,9.61587214452889,USD,US,Technology,Wearables,Dover,DE,1419954605,1424865707,1427972507,1
803,Battle Planes of WW2 (Volume 5) in 1:200 scale,Aircraft of the World War 2 from Wargame3D (Volume 5). 3D printable STL files in 1:200 scale.,300.0,5.707110264748875,EUR,PL,Games,Tabletop Games,Lublin,Lublin,1706016385,1709642130,1710848130,1
1198,Escrow Central,An Actual Escrow Service and Unique Online Market Place.,5250.0,8.566173813637858,GBP,GB,Technology,Web,London,England,1589823399,1590163168,1592755168,0
995,Letters from the Magic School - Series 1 Redo,Magical Letters back by popular demand!,2000.0,7.601402334583733,GBP,GB,Fashion,Jewelry,London,England,1650730032,1655485238,1656349238,0
1568,FLORA DIABOLA – an incredible photo calendar 2018,A high-quality and exclusive large format photo calendar (60 x 42 cm / 23.5 x 16.5 inches) with 12 unbelievably fantastic photographs.,5000.0,8.517393171418904,EUR,DE,Photography,Photography,Schöneiche bei Berlin,Brandenburg,1503330125,1503934717,1506526717,1
1555,Bruce on the Loose: A Bruce Campbell Fan Podcast,"Contrary to popular belief, Bruce Campbell is MUCH more than his Evil Dead character, Ashley J. Williams. We explore his ENTIRE career!",500.0,6.2166061010848646,USD,US,Publishing,Radio & Podcasts,Tampa,FL,1506871016,1506949324,1509541324,1
1383,Automat - a short film,"Two fulfilment workers struggle to meet ever-increasing targets at work, as the threat of robotisation looms",15000.0,9.61587214452889,GBP,GB,Film & Video,Drama,London,England,1548621653,1550050309,1551992400,1
1275,Eulogy,Kyle Anne's Debut Full-Length Album,5600.0,8.630700432209832,USD,US,Music,Indie Rock,Fort Myers,FL,1567537312,1570627917,1573223517,1
111,Sustainable Shoes Made with Recycled Sails,"The new RE49 SAIL2025 sneakers, crafted from recycled boat sails and sustainable materials.",10000.0,9.210440366976515,EUR,IT,Fashion,Footwear,Gonars,Friuli-Venezia Giulia,1757685261,1760139297,1764030897,1
1648,The Maker | A Short Film,An aging man with the rare power to change people's souls struggles to teach his replacement his mysterious trade.,3000.0,8.006700845440367,USD,US,Film & Video,Narrative Film,Los Angeles,CA,1472484781,1475093064,1477685064,1
987,Debut Album,Help me buy the equipment necessary to record my debut album!,6000.0,8.699681400989514,USD,US,Music,Country & Folk,Bristol,VA,1653364923,1653650607,1658834607,0
774,Annabelle: Traversing Deeper Part 3 of 4,"Continuing the thrilling adventure with Annabelle, Adam, and Luke. As Kur unleashes his rage on everyone!",500.0,6.2166061010848646,USD,US,Comics,Comic Books,Seattle,WA,1704896024,1710537730,1713129730,1
1767,Loud Arts,"Local Theatre group in Loudoun County, Virginia. Looking for funds to start producing shows!",3000.0,8.006700845440367,USD,US,Theater,Plays,Leesburg,VA,1429565790,1429584438,1434768438,0
198,FitMirage: A Smarter Wardrobe App For Everyday Style,"We’re creating a digital closet app to plan and style outfits from what you already own, whether you dress modest, bold, or in between.",120000.0,11.695255355062796,USD,US,Technology,Apps,Colorado Springs,CO,1749995388,1756801101,1759393101,0
135,#hardcover2025 | art for adults 18+ | Retro,The fifth book of the series. This time with the topic: Retro!,30000.0,10.308985993422082,EUR,FR,Publishing,Art Books,Strasbourg,Alsace,1746629917,1760112000,1762704000,1
1115,The Strange Films Experience,"A physical media release of Strange Films featuring DVD/Blu-Rays, Comics, Shirts, and other collectables.",300.0,5.707110264748875,USD,US,Film & Video,Horror,Knoxville,TN,1613489672,1613999829,1616083200,1
148,Mobster Mash #1-2: Classic Movie Monsters as Mobsters!,Movie Monsters as Mobsters all in a turf war over a 1940’s Tinseltown. Written and Drawn by Marvel / DC artist Will Robson,8000.0,8.987321812850125,GBP,GB,Comics,Comic Books,East Sussex,England,1745370104,1759308852,1761973200,1
1579,LAKSH: A narrative short film by Jennifer Rosen.,LAKSH is the story of Sameer who returns home to Delhi to confront the life he left behind since forging a new path in Italy.,20000.0,9.90353755128617,GBP,GB,Film & Video,Narrative Film,London,England,1501261869,1501658436,1504250436,1
691,CHRISTMAS IN JULY! Jazz & Blues Revue - HOLIDAY SOIRÉE,The Jazz & Blues Revue returns with a brand new Holiday Album filled with Christmas and Chanukah songs - originals and classics,4700.0,8.45553053102413,USD,US,Music,Jazz,Los Angeles,CA,1715388699,1717594346,1720853940,1
1806,"real.live.people.durham- ""its not me its you""",An evening-length duet made up of a series of dance-theater vignettes exploring the idiosyncrasies of relationships.,2000.0,7.601402334583733,USD,US,Dance,Performances,Durham,NC,1413177968,1413230082,1415408400,1
587,Book: When You Can't See the Light,"A Trauma-Informed Guide to Surviving a Significant Loss, by Ashley Nicole Jones",25000.0,10.12667110305036,USD,US,Publishing,Nonfiction,Atlanta,GA,1727813663,1729682346,1732078740,1
1106,Les Dés Truqués niveau 2,Réouvrir une version améliorée de la boutique Les Dés Truqués,1500.0,7.313886831633462,CAD,CA,Games,Live Games,Shawinigan,QC,1605999444,1614600813,1619781213,1
1331,Life Resonance Performing Arts Tour,"A journey into the Mystery of life. 
An opening into the infinite resonance and creation ability through movement.",1500.0,7.313886831633462,AUD,AU,Dance,Performances,Melbourne,VIC,1556723657,1557929657,1561564920,0
788,PEOPLE LIKE US,"A photobook exploring trans, non-binary and gender non-conforming identities and experience.",8000.0,8.987321812850125,GBP,GB,Photography,Photobooks,London,England,1706024092,1708080931,1712098740,1
1041,The One Diamond Solitaire By Brilliant Encore,Eco friendly mined diamond alternative that provides exceptional value and peace of mind.,47915.0,10.77720475685122,USD,US,Fashion,Jewelry,Miami,FL,1626710935,1638669896,1643853896,0
1882,arc en ciel,"An ode to your love for music, the support of mine and your belief in me. This album is for you. Lets finish it together.",20000.0,9.90353755128617,USD,US,Music,Indie Rock,Brooklyn,NY,1312234670,1381728748,1385798400,1
50,The Complete Timeline of Sarah and Eloise,A LGBTQ+ Musical About Love That Defies Time Itself,7500.0,8.922791623969637,USD,US,Theater,Musical,Portland,ME,1762961871,1764339354,1768572780,0
104,JourneyMon: Monster Trainer Roleplaying,"A narrative, collaborative world-building tabletop roleplaying game about friendship and monster battles.",2500.0,7.824445930877619,GBP,GB,Games,Tabletop Games,Southampton,England,1749765793,1761670786,1764266386,1
401,DFC Slim Suit for the PS5,"Upgrade for Your PS5 Slim Plates with Innovative Design, Style & Customization",30000.0,10.308985993422082,USD,US,Design,Toys,Neptune,NJ,1722531508,1741035742,1746216142,0
472,Fallen London: The Roleplaying Game,"An officially-licensed tabletop roleplaying game set in the deep, dark and marvellous city of Fallen London. Welcome, delicious friend.",50000.0,10.819798284210286,USD,US,Games,Tabletop Games,Albuquerque,NM,1732659951,1739285872,1741896000,1
1576,The Beauty of Bulgaria,This exhibition will be displayed at the Chicago Botanic Garden. It's  goal is to show beautiful Landscapes of Bulgaria and its history,550.0,6.311734809152915,USD,US,Photography,Places,Chicago,IL,1503959106,1503966424,1504976340,1
974,Spider M1: Laser Engraver & Cutter with Infinite Work Area,"Portable & compact, redefines laser engraving & cutting with infinite possibilities.",50000.0,10.819798284210286,HKD,HK,Technology,Fabrication Tools,Kowloon,Kowloon,1656467253,1659446179,1663334179,1
189,Toad Turf,"A 3D Platformer Party Shooter inspired by early 2000s console games. No microtransactions, no live service! Free Updates Post Launch.",1000.0,6.90875477931522,USD,US,Games,Video Games,San Francisco,CA,1729025031,1754539148,1759723148,1
355,ULTIMATE MECHA : The Animated Series Film Festival Run,"Inspired by Japanese anime, Ultimate Mecha is a brand-new animated show that uniquely blends Mecha action with Slice of Life storylines",2500.0,7.824445930877619,CAD,CA,Film & Video,Animation,Vancouver,BC,1738181597,1746125169,1748717169,1
40,Kris Kringle: Monster Hunter,The Complete Stories,750.0,6.621405651764134,USD,US,Publishing,Fiction,North Atlanta,GA,1765473414,1767705557,1769749260,1
367,The Totally Unofficial Mayor Pete Hat,"We don’t know what office Pete will hold, or when. But we do know he’ll hold one. And that gives us hope.",1500.0,7.313886831633462,USD,US,Fashion,Accessories,Chicago,IL,1743880979,1745592434,1748184434,1
1869,"The Remembrance Day Project. A ""Call to Action"" Tribute","My goal: record the song ""Remembrance Day"" in a recording studio, add images, & post on YouTube to honor, inspire, comfort & motivate.",1950.0,7.576097340623111,USD,US,Music,Indie Rock,Seattle,WA,1387597940,1389066978,1392090978,1
969,AI DREAMING: Palindromes - Illustrated with Midjourney AI,"How does an art-generating AI interpret silly human wordplay? A book of whimsical, odd & lovely images inspired by classic palindromes.",500.0,6.2166061010848646,USD,US,Publishing,Art Books,Seattle,WA,1661561543,1662733046,1664507700,1
884,The Finns New Album Release,REMEMBER. THIS. DAY. - August 2023,8000.0,8.987321812850125,EUR,IE,Music,Country & Folk,Rathdowney,Laois,1685597564,1688645737,1690804620,1
765,Epoch,Il tappeto con cialda profumata integrata,100000.0,11.51293546492023,EUR,IT,Design,Product Design,Rubano,Veneto,1706621441,1708966198,1714146598,0
225,Honor Thy Father - Short Film,Relationship with Her Father or Her Own Future - She Can't Have Both.,5000.0,8.517393171418904,USD,US,Film & Video,Drama,Chicago,IL,1754539689,1755008209,1757600209,1
1468,NINGÚN RELOJ CUENTA ESTO,Una obra coreográfica sobre la experiencia de la soledad y la búsqueda de la empatía en un contexto urbano.,10000.0,9.210440366976515,MXN,MX,Dance,Performances,Mexico City,Distrito Federal,1529276508,1529372452,1532365200,0
719,This Isn't How I Pictured It - Short Film,A dark comedy following a (really bad) day in the life of a model on a quest for stardom.,50000.0,10.819798284210286,CAD,CA,Film & Video,Shorts,Montreal,QC,1714053048,1714939273,1717531273,1
206,Songs By Tom Lehrer (Expanded Deluxe Vinyl Edition),"Remastered from the original master tape. Vinyl mastering by Kevin Gray. Expanded to include the complete, uncut 1951 ""Physical Revue.""",30000.0,10.308985993422082,USD,US,Music,Comedy,Dallas,TX,1749975703,1753385411,1758569411,0
1805,Armorous,"Armorous collects the most sexy, spookiest, outrageous comics of medieval mischief! Adult fantasy short stories like you want them!",13200.0,9.48804786328076,USD,US,Comics,Anthologies,Tulsa,OK,1410914030,1412643738,1415412000,0
57,Faith Tools to Make the Bible Come Alive,"Creative faith-based series including Flourish Fridays, Throne Room Thursdays, and Bible Come Alive visuals to empower lives worldwide.",5600.0,8.630700432209832,GBP,GB,Publishing,Nonfiction,Wales,England,1763402045,1763562558,1767997200,0
1521,Higher Grounds Coffee Company Mobile Coffee Truck Startup,HGCC is a mobile coffee truck bringing quality fair trade coffee to Manitowoc County while raising awareness about modern day slavery.,10000.0,9.210440366976515,USD,US,Food,Food Trucks,Manitowoc,WI,1502912997,1512659274,1515769674,1
695,Cane Toad Times,The End Times,6000.0,8.699681400989514,AUD,AU,Publishing,Comedy,Brisbane,QLD,1717131676,1717197298,1720653298,1
1401,2019-20 Fireball Newsflash Crosswords,Twenty current events crosswords that will be sent out over the course of a year. Many puzzle answers will be taken from current news.,7777.0,8.959054514715692,USD,US,Games,Puzzles,Great Neck,NY,1541808479,1547010033,1548644400,1
1494,SPIRIT: A Sports Horror Film,Unveiling a darker side of mixed martial arts,30000.0,10.308985993422082,USD,US,Film & Video,Horror,San Francisco,CA,1517008505,1522825343,1525417343,1
1402,Unklebump is your future favorite artist,My ultimate goal as an independent artist is to create a level of success by producing quality music and investing in my sound.,10000.0,9.210440366976515,USD,US,Music,Hip-Hop,San Diego,CA,1543147770,1543200421,1548384421,0
1795,Fashion Label :The Autonomous Collections,New ethical fashion brand with upcoming designer Kim Stevenson needs to raise funds to show at London Fashion Week in February,700.0,6.55250788703459,GBP,GB,Fashion,Ready-to-wear,London,England,1416910000,1418672059,1422172320,1
256,COLOR QUEST: Limited Edition Coloring Books & 48 Marker Set!,"2x 50 Page Adventure-filled Coloring books, and a Custom Set of 48 professional Alcohol Markers!",185000.0,12.128116509451258,AUD,AU,Crafts,Stationery,Jersey City,NJ,1733708279,1753219822,1755651600,1
1589,Build Your Own Airbnb with Ruby on Rails & React Native,A Programming Project for Startups & Entrepreneurs. Learn how to build YOUR OWN Airbnb version with Ruby on Rails and React Native.,42000.0,10.645448706505872,AUD,AU,Technology,Web,Melbourne,VIC,1497259191,1497966568,1501037700,1
776,Dagar med Annie,Bakom kulisserna: En fotodokumentär om den politiska vardagen med Annie Lööf,200000.0,12.206077645517674,SEK,SE,Photography,Photobooks,Stockholm,Stockholm,1709639729,1710412463,1713004463,0
327,[AN EXERCISE IN FUTILITY]: An Absurd Office-Based Short Film,The (un)biased and (counter)factual account of one employees attempt to ameliorate a floundering life insurance company,1500.0,7.313886831633462,GBP,GB,Film & Video,Shorts,London,England,1743500510,1748353648,1750513648,1
1105,LONGG-The First Electric Tailgate With Voice Control,Open and close your tailgate with a simple voice command.,40000.0,10.59665973278358,HKD,HK,Technology,DIY Electronics,Hong Kong,Hong Kong Island,1609755934,1617199718,1619878118,0
443,Outlawyer,Notorious Australian cowboy outlaw Ned Kelly becomes a defence attorney for the dead in the afterlife during ww1,9000.0,9.105090961257083,AUD,AU,Games,Video Games,Melbourne,VIC,1732774429,1738335599,1743515999,1
1117,Custom LED Dog ID Tag,Custom LED Dod ID Tag did create thinking about the benefit of pets.,60000.0,11.002116507732016,MXN,MX,Fashion,Pet Fashion,Mexico City,Distrito Federal,1611425133,1611882528,1614474528,0
1856,Teaching Culture with New Orleans Food Shape Puzzles,A toy that also teaches the local culture of New Orleans from My Town Toy Company.,15000.0,9.61587214452889,USD,US,Games,Puzzles,New Orleans,LA,1398933436,1400525421,1403117421,1
1125,1 IN 2 NEW COMBINED SPANNER TYPE,We would like to improve combined spanners so that they can be used twice.,39600.0,10.586609649448985,EUR,AT,Technology,Fabrication Tools,Klagenfurt,Carinthia,1605642277,1607076973,1609675140,0
277,Portraits of Philosophers - Wisdom Worth Displaying,"A large, linen-bound coffee table book of rare beauty with timeless portraits and deep reflections from thirteen leading philosophers.",6500.0,8.77971129020447,GBP,GB,Photography,Photobooks,London,England,1750173854,1751363496,1754002740,1
172,Fallen Fates,"A new top-down action-RPG, brought to life through beautiful hand-drawn pixel art, packed with epic, intense combat.",100000.0,11.51293546492023,EUR,FR,Games,Video Games,Angouleme,Poitou-Charentes,1739348922,1758207536,1760885936,1
479,"Pixelfed & Loops: Authentic Sharing, Reimagined","Beautiful sharing platforms that puts you first. No ads, no algorithms, no tracking – just pure photography and authentic connections.",50000.0,10.819798284210286,CAD,CA,Technology,Web,Grande Prairie,AB,1719894473,1737529257,1741417257,1
1759,Kevo Vacuum Former,"The easy, fun and affordable way to craft objects and creations in your home or studio through the accessible art of vacuum forming.",750.0,6.621405651764134,USD,US,Technology,Fabrication Tools,Kansas City,MO,1417274578,1434727621,1437751621,1
1436,Parashot Drashim - Newest Book By Steven R. Bruck,A Commentary on the Weekly Torah Readings for Both Jews and Gentiles,300.0,5.707110264748875,USD,US,Publishing,Academic,Melbourne,FL,1536083532,1536315827,1538907827,1
1340,theprotestforum,"An independent platform dedicated to the organisation, promotion and discovery of protests, demonstrations and strikes around the world",15000.0,9.61587214452889,GBP,GB,Technology,Web,Bristol,England,1554389673,1554481487,1559665487,0
495,LEFU: The Smart Scale That Knows Your Body Better,8-Electrode Smart Scale | Track 58 different body data | Easy Data Management | Voice Guidance,1500.0,7.313886831633462,USD,US,Technology,Gadgets,Chicago,IL,1736232626,1737379737,1739971737,1
1814,ORA Smart Glass,ORA Smart Glasses : More Advanced than Google Glass at a Fraction of the Price !,100000.0,11.51293546492023,USD,US,Technology,Wearables,Monte Sereno,CA,1399036448,1409302778,1414486778,1
183,Mindscourge: A Compendium of Mental Afflictions for DnD 5e,"A handbook of over 100 brain diseases, madnesses, magic items, backgrounds, and feats for D&D and other TTRPGs!",100.0,4.61512051684126,USD,US,Games,Tabletop Games,Raleigh,NC,1738533099,1757520574,1760112574,1
823,BROLESQUE | The Theatre Show,"BROLESQUE, a captivating dance revue created by Lockhart Brownlie",35000.0,10.463131911491969,USD,US,Dance,Performances,New York,NY,1705107011,1706587464,1709179464,0
1598,Retro Future Festival,Retro Future Festival is a UK synthwave festival to be hosted at Londons Highbury Garage!,3500.0,8.160803920954665,GBP,GB,Music,Electronic Music,London,England,1494772374,1494783555,1495993155,1
483,SZNS Snapbox,The Snapbox houses and dispenses sleeves for trading cards.,10000.0,9.210440366976515,USD,US,Design,Toys,Grants Pass,OR,1730313909,1735666042,1740850042,0
1573,Below the Trees | The Beginning of a Feature Film,An independent young woman inherits her grandmother’s rural estate and soon meets an unsettling neighbor with malevolent intentions.,5500.0,8.612685172875459,USD,US,Film & Video,Horror,Columbus,OH,1499962554,1502805645,1505354400,1
1102,FAKING FILMATION,"The evolution of cartoons, rise & fall of Filmation & one man's quest to release his unofficial cartoon
despite looming legal threats.",30000.0,10.308985993422082,USD,US,Film & Video,Documentary,Chicago,IL,1581001403,1617705722,1620342000,1
522,Modular 3D-Printed M-1 Abrams Battle Tanks – 28/32mm Scale,Interactive 3D-Printed Modular M-1 Abrams Troop Transporter Tanks – 28/32mm (1:56 Scale) with Articulated Action Parts (11 Units only),20.0,3.044522437723423,GBP,GB,Games,Tabletop Games,London,England,1730386697,1737075927,1737939927,0
1251,Help Raise Recording Studio Costs for Eli's Birthday!,Help an amazing musician and friend make music and share it with the world!,600.0,6.398594934535208,USD,US,Music,Hip-Hop,Lafayette,IN,1575411983,1575665293,1580849293,0
1841,Fly the Colour Fantastica: A Comic Anthology,"High-quality printed comic anthology celebrating colour, the art of storytelling, and small victories through vastly different worlds.",7500.0,8.922791623969637,AUD,AU,Comics,Anthologies,Melbourne,VIC,1401014411,1404727027,1407506400,1
970,Death Spin,Horror Movie,1999.0,7.600902459542082,USD,US,Film & Video,Horror,Rochester,NY,1659214771,1659320973,1664504973,1
351,Malleable and True: A Hybrid Craft Anthology,An anthology exploring the complexity and craft of hybrid writing from the first ten issues of Brink Literary Journal,30000.0,10.308985993422082,USD,US,Publishing,Anthologies,Iowa City,IA,1745254624,1746541002,1748753940,1
1833,Internet SteamGauge,Internet usage translated to a real world brass pressure gauge from the early 20th century.,1500.0,7.313886831633462,USD,US,Technology,DIY Electronics,Fort Myers,FL,1401851495,1407423881,1409524680,1
1010,WICKED PURSUITS rare 1920s horror scifi art Orchid Garden,The FINAL BOOK documenting the eerie and creepy artworks from DER ORCHIDEENGARTEN (1919-1921) the FIRST fantasy horror magazine!,1921.0,7.561121589530238,USD,US,Publishing,Art Books,Culver City,CA,1647290716,1650566217,1652391000,1
1726,High end luxurious candles that are anything but typical!,"Being creative was my reality once before, please help me make this a successful reality once again.",800.0,6.68586094706836,USD,US,Crafts,Candles,Austin,TX,1447691187,1448214361,1450806361,0
798,BlinkTok,"Use your face to navigate apps like TikTok, Instagram, and Facebook. Makes technology more accessible for all people.",5000.0,8.517393171418904,USD,US,Technology,Apps,Kansas City,MO,1708643322,1708662669,1711251069,0
847,Celestial Elegance: Silver Plume Pendant Necklace,Phoenix feather: a path towards renewal.,500.0,6.2166061010848646,CAD,CA,Fashion,Jewelry,Vancouver,BC,1699948341,1701057975,1703649975,0
1691,"The Bovary Complex, A Teenage-Made Film","A short film written, directed, and starred by 17 year olds trying to learn the craft.",1000.0,6.90875477931522,USD,US,Film & Video,Narrative Film,Cleveland,OH,1452643025,1460159898,1462147200,1
235,Sjandiva,A guide book with a twist - a series of interconnected meta puzzles have been hidden in the pages of a satirical travel guide.,500.0,6.2166061010848646,GBP,GB,Games,Puzzles,London,England,1750405294,1755007310,1757019600,1
878,MiNotes Microbook,"Inspiration only lasts a moment. Focus your efforts and catch creativity with a Microbook, a pocket notebook that fits your lifestyle!",4000.0,8.294299608857235,USD,US,Crafts,Stationery,Columbia,MO,1687067314,1692104364,1693551600,1
1515,The Predatorial,I'm making a 4 song EP shining a light on the inside life of a high ranking individual with  predator tendencies and alarming secrets,4000.0,8.294299608857235,USD,US,Music,World Music,Atlanta,GA,1516820535,1517675861,1519490261,0
1500,"Beatz, Rhymez, & Bluntz Tour Experience Live Concert Event","By performing free shows, artist will be able expand their fanbase across the nation. Getting to the people one city at a time.",1000.0,6.90875477931522,USD,US,Music,Hip-Hop,New Orleans,LA,1414518473,1523393108,1523825108,0
411,Weocool: Instant Cooling Vest to Keep You Chill All Day,Fast Cooling in Seconds | 2 High-speed Fans | 3 Cooling Levels | 10000mAh Power Bank Attached | 430g Lightweight | Detachable to Clean,2000.0,7.601402334583733,USD,US,Technology,Gadgets,Denver,CO,1740641172,1743083996,1745675996,1
1679,Herman Hedning 1988-1998 PREKAMPBRIUM,"Alla Hermanstrippar 1988-1998, fett inbundna i oäkta dinosaurieläder och späckad med avslöjande fakta och rena lögner! Äg den!",100000.0,11.51293546492023,SEK,SE,Comics,Anthologies,Stockholm,Stockholm,1460156293,1462178483,1464770483,1
1338,Cartoon Dress,"Our Cartoon Dress hasn't been in production since 2014, but now we have the chance to bring them back!",1000.0,6.90875477931522,GBP,GB,Fashion,Ready-to-wear,Cornwall and Isles of Scilly,England,1559071770,1559127178,1560336778,1
1893,A very special NEW stripped-down Sea Wolf ALBUM!,Be a part of an extra special NEW stripped-down album by pre-ordering it + getting amazing exclusive merch + mementos + experiences!,50000.0,10.819798284210286,USD,US,Music,Indie Rock,Glassell Park,CA,1372364950,1376935708,1380610740,1
1345,Supermarket Insight: Dive into Global Grocery Trends,"A website that allows you to read catalogs of supermarkets around the world at once. You see, learn, and grow.",8000.0,8.987321812850125,HKD,HK,Journalism,Web,Hong Kong,Hong Kong Island,1554388312,1554892465,1558780465,0
1123,FrontDoor,A digital ministry solution to help you quickly connect with people in your community.,25000.0,10.12667110305036,USD,US,Technology,Web,Atlanta,GA,1604691464,1607387224,1610056800,1
1651,Starduster II - Photographing Earth from Near-Space,Real-time high-altitude weather balloon tracking using amateur radios - capturing stunning near-space visuals - now with more science!,1000.0,6.90875477931522,USD,US,Technology,Space Exploration,Waco,TX,1474331787,1474641914,1476579600,1
602,A Field of Lambs,A dying man must survive the pursuit of deadly hunters trying to kill him and reach the finish line before time is up.,700.0,6.55250788703459,GBP,GB,Film & Video,Action,Oxford,England,1726850616,1728580284,1730463300,1
906,PICKMAN'S MODEL by H.P. Lovecraft - ILLUSTRATED,"Lovecraft's classic tale, richly illustrated by horror artist Max Martelli",1500.0,7.313886831633462,USD,US,Publishing,Art Books,Salem,MA,1678661153,1681229100,1683821100,1
1136,Prodoser Presents: Revenue Run Vol. 1,"This will be the first mixtape to start of my musical career as a entrepreneur, Label manager and Artist. I'm excited as hell!",5000.0,8.517393171418904,USD,US,Music,Hip-Hop,Houston,TX,1604088062,1604093414,1607553014,0
1561,Madrid Regional Conference 2017,Demostremos que la acción individual privada es más poderosa que las subvenciones. Dona y participa en la Revolución Liberal.,100.0,4.61512051684126,EUR,ES,Publishing,Academic,Madrid,Madrid,1505302626,1505308561,1507881600,1
191,Fabled Cloudland Tarot,Chinese-Style Tarot Card Series,1000.0,6.90875477931522,USD,US,Games,Tabletop Games,Wyoming,WY,1756439957,1756949441,1759541441,1
1716,Scroll Stories Promo Animation,I am creating a promotional animation to bring viewers to my short story website,20000.0,9.90353755128617,USD,US,Art,Video Art,Boston,MA,1447257369,1452008142,1454600142,0
914,Degrii Zima Pro – Ultrasonic Radar Cordless Pool Cleaner,Ultrasonic Smart Mapping | Triple-Drive Motors | Floating Battery Pack | Climbs & Cleans Walls & Stairs | Remote App Control,5000.0,8.517393171418904,USD,US,Technology,Robots,Menlo Park,CA,1675221062,1676994546,1682174946,1
1021,Meraxi Noir: BREAKTRHOUGH DIAMOND TECHNOLOGY FOR JEWELRY,"Simply the highest quality alternative to ceramic, onyx or any other black-colored material.  From 1.5 to 15 carats of pressed diamond.",15000.0,9.61587214452889,USD,US,Fashion,Jewelry,Salt Lake City,UT,1645132110,1645834077,1648422477,0
824,8-BIT ENAMEL PINS,8-BIT Enamel pins from the good ol' gaming days...,700.0,6.55250788703459,DKK,DK,Design,Toys,Nyborg,Syddanmark,1707511519,1707923274,1709110800,0
90,Partícula Libre,Lanzamiento del libro: Una Interpretación No Ortodoxa de la Mecánica Cuántica,25000.0,10.12667110305036,MXN,MX,Publishing,Nonfiction,México,Mexico,1761590433,1762793176,1765385176,1
1319,Albert&you Discover life!,Educational films starring Albert Einstein. This televisión series of 8-minute films is for children from 9 to 90,42000.0,10.645448706505872,EUR,ES,Film & Video,Television,Barcelona,Catalonia,1558255472,1558262400,1563446400,0
546,Remo Brush - Herbal Miswak Infused Bristle Toothbrush,Experience the Natural Power of Miswak for Healthier Teeth and a Greener Planet. Embrace a holistic approach to dental hygiene.,1500.0,7.313886831633462,USD,US,Design,Product Design,Boston,MA,1731783480,1732201220,1734793220,1
1416,SNAP,"Snap is about Victoria, A female artist in a toxic, masculine world. Does she express herself through her art or through violence?",10.0,2.3978952727983707,GBP,GB,Film & Video,Drama,Falmouth,England,1541678499,1542189991,1544781991,1
575,Honoring West Africa: A Documentary on Endangered Traditions,"Join Jeffrey Page, former choreographer for Beyoncé, on a journey to document the endangered art and traditions of West Africa",25000.0,10.12667110305036,USD,US,Film & Video,Documentary,New York,NY,1726852713,1727310518,1732498118,0
481,Explorer Wallet T | Versatile Travel Wallet,Wallet for Travel Essentials | Tailored for Modern travelers | Travel Pen included,10000.0,9.210440366976515,HKD,HK,Design,Product Design,Hong Kong,Hong Kong Island,1732433788,1738553063,1741145063,1
1166,Developer 5 Websites From Scratch HTML CSS and JavaScript,Complete Web development Course teaching HTML CSS JavaScript and everything you need to create websites and web applications,500.0,6.2166061010848646,CAD,CA,Technology,Web,Toronto,ON,1531505766,1595962656,1598554656,1
1111,Queen Chimera Album,Recording our first full length album,2000.0,7.601402334583733,USD,US,Music,Indie Rock,Seattle,WA,1610238801,1612224159,1617260340,1
280,Fleeting Strays (short film),Two Tokyo-resident young adults meet after a breakup to answer the age-old question: Can you truly move on from your first love?,160000.0,11.982935344196433,JPY,JP,Film & Video,Shorts,Tokyo,Tokyo Prefecture,1745188050,1751216489,1753808489,1
783,Mishpucha,"A queer, Jewish stripper must face the family that shunned her in order to fulfill her beloved Bubbie's dying wishes.",5000.0,8.517393171418904,USD,US,Film & Video,Shorts,Brooklyn,NY,1697403616,1711545751,1712409751,1
1549,Goliath CNC - An Autonomous Robotic Machine Tool for Makers,"A portable robot that mills, cuts, and engraves to turn BIG ideas into tangible items with any materials and various CAD file formats.",90000.0,11.407576060361786,USD,US,Technology,Fabrication Tools,Los Angeles,CA,1505944305,1507047107,1511025107,1
1931,Wearable Sculpture: An artistic jewelry project,"Support the creation of wearable sculpture jewelry made with recycled/re-purposed material, fine metals, and woven gemstones",4000.0,8.294299608857235,USD,US,Art,Sculpture,Mendocino,CA,1349584636,1351883013,1354046613,1
617,Bookish Enamel Pins: The Threequel,"a third line of bookish enamel pins for all the book lovers, readers, writers, and fanfic fans out there",1200.0,7.0909098220799835,USD,US,Fashion,Accessories,Corpus Christi,TX,1726678689,1727401518,1728698400,1
1214,Job Arena,A platform that shares details about workplace environments.,67475.0,11.119527258080202,USD,US,Technology,Web,Libertyville,IL,1579837230,1586447867,1589126267,0
215,The Protector and the Annihilation: an LGBT epic fantasy,"An extraplanetary LGBT epic science fantasy novel featuring 3 generations and their conflicts across 10,000 years.",8000.0,8.987321812850125,USD,US,Publishing,Fiction,Houston,TX,1725366115,1754910224,1758107024,0
492,Reflection Frame: Digital Photo Prints,Experience photos with Reflection Frame: Enjoy your cherished photos whenever and wherever you want,10000.0,9.210440366976515,USD,US,Technology,Gadgets,Menlo Park,CA,1728310224,1737467803,1740059803,1
1179,"TaskHopper: Any task, any time",TaskHopper allows you to seek help with any task or odd job that you have and the price is set by you.,2000.0,7.601402334583733,GBP,GB,Technology,Web,Brighton and Hove City,England,1588327600,1593441281,1596206081,1
17,TZ043-Plug and play outdoor glow ball system,"An easy-to-install, arbitrarily laid and adjustable, waterproof and drop-resistant, plug-and-play, reusable outdoor glow ball system",39000.0,10.5713425658087,HKD,HK,Technology,DIY Electronics,Hong Kong,Hong Kong Island,1763622357,1766561469,1771745469,0
1791,Paper 2 Film,"Creating, Expressing and Sharing their vision through film. Improving on their Reading, Writing, Math  and Comprehension  skills",3000.0,8.006700845440367,USD,US,Art,Video Art,Greensboro,NC,1423192705,1423245695,1425747600,0
654,Kyoto's Ceramic Masterpiece: Shisaikamon by Toraku Morisato,"Experience the pinnacle of Japanese pottery: Exquisite, hand-crafted pieces blending century-old traditions with modern elegance",300000.0,12.611541086966117,JPY,JP,Crafts,Pottery,Kyoto-shi,Kyoto Prefecture,1718070947,1721127672,1725015672,1
1819,Iron Strong: The Only Fitness Focused Jewelry with Flair,A niche and fitness focused jewelry line. Designed with a modern edge befitting men and women.,6500.0,8.77971129020447,USD,US,Fashion,Jewelry,New York,NY,1402141767,1409861318,1412827140,1
376,IPASON Yao:The Lightest & Thinnest Tempered Glass Mouse Pad,"On the Yao tempered glass mouse pad, the mouse glides with fingertip precision, smooth and lag-free, flawlessly tracking every move.",21900.0,9.994287576862568,HKD,HK,Technology,Gadgets,Hong Kong,Hong Kong Island,1735784881,1744891271,1747483271,1
1286,Family Style,A cooperative mobile party game for 2-8 phones that turns your living room into a virtual kitchen!,1000.0,6.90875477931522,USD,US,Games,Mobile Games,Ithaca,NY,1562172481,1568489412,1571081412,1
683,Uaigneach - A story of forever afters,Mary was Paddy's person & he was hers. Join us on our short journey to bring Mary & Paddy's story to festivals around the World.,1000.0,6.90875477931522,EUR,IE,Film & Video,Shorts,Sligo,Sligo,1718906180,1718953944,1721545944,1
1223,TAXIDERMY DISASTERS CALENDAR: What the Hell Went Wrong?,A 2021 Novelty Calendar Featuring 12 Tragically Hilarious Taxidermy Disasters.,1000.0,6.90875477931522,USD,US,Crafts,Printing,San Diego,CA,1583518761,1583692685,1586284685,0
1798,Nutcracker in the Nutshell,Bringing humbling experience of the Nutcracker by a group of selfless dedicated dancers to children and families who need it the most.,5000.0,8.517393171418904,USD,US,Dance,Performances,Kissimmee,FL,1412052513,1414032126,1419219726,1
1658,FMVIII | Of the City,FM is an independent journal curated by students at the School of Architecture at the University of Illinois at Chicago.,700.0,6.55250788703459,USD,US,Publishing,Academic,Chicago,IL,1471131302,1471419418,1473291840,1
129,"MECHA DOG — Mecha Mini Table: Camp, Shoot, Daily","A versatile mini table that looks great for photos and outdoor use. Fits the scene — looks good, works better.",100000.0,11.51293546492023,JPY,JP,Design,Product Design,Tokyo,Tokyo Prefecture,1759835336,1761322485,1762916400,1
972,COLECTIVO FAZE,"Somos un colectivo que impulsa a jóvenes bailarines que buscan transformar realidades, logrando demostrar el valor del arte.",20000.0,9.90353755128617,MXN,MX,Dance,Performances,Guadalajara,Jalisco,1658519914,1658533895,1663717895,0
1129,"Longhorn Paranormal is ""Revolutionizing Paranormal T.V.""","Join us as we travel to some of America's most haunted places to prove if they are ""Haunted or Hoax.""",30000.0,10.308985993422082,USD,US,Film & Video,Television,Houston,TX,1603827106,1604100875,1609288475,0
1547,Ric Da Vinci,"Ric Da Vinci is a young, upcoming rapper out of Philadelphia PA looking to kickstart his music career to the next level.",50.0,3.9318256327243257,USD,US,Music,Hip-Hop,Philadelphia,PA,1508780129,1508791987,1511387587,0
386,"DS5: Elevate Your Desk – Work Smarter, Curate Beautifully","One-Cable Secondary Screen | Stocks, News & Trends | Custom Widgets | Digital Photo Frame，Open-Source DIY Plugins for Work & Play",15000.0,9.61587214452889,HKD,HK,Technology,DIY Electronics,Hong Kong,Hong Kong Island,1742005524,1744635598,1747227598,1
1369,Final year collection,6 outfit Final year collection,200.0,5.303304908059076,GBP,GB,Fashion,Ready-to-wear,Leeds,England,1551177062,1551389162,1553977562,1
375,Magnetic Aluminum-Cooled Portable SSD Enclosure Up to 4TB,"Seamless USB-C 10Gbps Transfer | Pro-Grade Cooling | Ultra-Compact & Durable Design | Fully Compatible with iPhone, Android, Mac etc.",10000.0,9.210440366976515,HKD,HK,Technology,Gadgets,Hong Kong,Hong Kong Island,1742179729,1744957377,1747549377,1
413,Turn Any Phone into a Wildlife/Concert Camera Instantly,400mm Professional-level Bokeh · High-definition Night Shots without Noise,2500.0,7.824445930877619,USD,US,Technology,Gadgets,Denver,CO,1737699210,1743080292,1745672292,1
1612,Bubble Reef,"Unlock the Endless Coral Cave Gameplay.
Bubble Reef supports Ocean Restoration Technology & Research: PowerReef.org; e4e.ucsd.edu",500.0,6.2166061010848646,USD,US,Games,Mobile Games,La Jolla,CA,1488405470,1489074789,1489675989,1
966,Raspberry Pi Retro TV Console,Fully functional Raspberry Pi powered retro TV build kit,18000.0,9.798182590890704,USD,US,Technology,DIY Electronics,Lakewood,CA,1662323660,1662823307,1665415307,0
1351,EXALT,"An in-person gaming event for Mario Kart Wii located in Deer Park, Long Island",500.0,6.2166061010848646,USD,US,Games,Live Games,New York,NY,1552595154,1554303559,1558191559,1
1616,AMERICANO. A short thriller that fights for the 1776 promise,"A refugee & veteran PR director team up to expose a statesman behind a tragedy, while inspiring a resistance.",15000.0,9.61587214452889,USD,US,Film & Video,Narrative Film,Philadelphia,PA,1474945318,1485966995,1488344340,1
747,Petority Smart Collar - Activity & Wellness Tracker For Pets,"The world's #1 smart collar tracks your pet's location, activity, heart rate, and offers wellness reports via APP. No subscription fee.",89400.0,11.400887146781374,SGD,SG,Technology,Wearables,Los Angeles,CA,1709359740,1712771379,1715363379,0
655,Sexy Bookends STL 3d Printing Collectable,Sexy bookends 3d printable models for FDM and resin STL files Female,500.0,6.2166061010848646,MXN,MX,Games,Tabletop Games,Durango,Durango,1721838652,1721936622,1724528622,1
1731,Henry's Box,Henry's box is a story about a young boy who through hope and determination builds a freedom box and escapes to the north,2000.0,7.601402334583733,USD,US,Film & Video,Narrative Film,Los Angeles,CA,1446494519,1447635496,1449285480,1
1056,BE Centauri - Mens Luxury Automatic Watch,Luxury modern wristwatches with a space theme,24638.0,10.112085832408304,GBP,GB,Fashion,Jewelry,Leeds,England,1608073099,1634587538,1637183138,0
1715,Video Valentines – an animated short featuring your message,Make a memorable present for that special someone. Give the one you love an animated romantic short film narrated by... you.,750.0,6.621405651764134,CAD,CA,Art,Video Art,Toronto,ON,1453655764,1453838400,1454993100,0
1927,MANA WatchOnlineFebruary2013,"We've written pilots for six different ""reality shows."" But they aren't real because we wrote them, we're in them and they're funny.",5925.0,8.68710472813351,USD,US,Film & Video,Webseries,Los Angeles,CA,1353105336,1354740721,1356996600,1
597,Poly Ultimate - Unbreakable Customise Puzzles,Innovative Materials to Turn Your Favorite Moments Into Fully Inter-locking Puzzles - Perfect Gift for Upcoming Holiday Season,35000.0,10.463131911491969,HKD,HK,Games,Puzzles,Hong Kong,Hong Kong Island,1727152052,1728569450,1731165050,0
622,Cortometraje Liliums,"Primer cortometraje de la productura IrisFilms, afincada en Córdoba, España. ""Una pequeña historia de amor, crecimiento y aceptación"".",300.0,5.707110264748875,EUR,ES,Film & Video,Shorts,Cordoba,Andalusia,1724232098,1725379664,1727971664,1
1074,"WE SPENT FRIDAY THE 13TH AT CRYSTAL LAKE, NOT CLICKBAIT",Crystal Lake has been quiet for a decade. So someone was inevitably going to disturb the waters.,1000.0,6.90875477931522,USD,US,Film & Video,Horror,Sodus,NY,1621605863,1624890755,1630074755,1
692,Light up Angel Wings,Illuminate Your World with Glowing Angel Wings,23407.0,10.060833123259906,HKD,HK,Technology,Wearables,Hong Kong,Hong Kong Island,1702003958,1718180209,1720772209,0
1282,EL novato,"Cortometraje policiaco mexicano, que juega con la logica de los personajes y del publico.",3000.0,8.006700845440367,MXN,MX,Film & Video,Horror,Puebla,Puebla,1570159157,1570470213,1571766213,1
830,Stamp Washi Cuties,A collection of super cute themed stamp washi tapes.,600.0,6.398594934535208,GBP,GB,Crafts,Stationery,Shavington,England,1705929242,1706896719,1708711119,1
1109,A Break in Belonging,"The untold story of Martin Thomas, a formerly incarcerated pastor rebuilding family bonds and the lives of returning citizens.",60000.0,11.002116507732016,USD,US,Film & Video,Documentary,New York,NY,1613064157,1615940370,1618545540,1
1108,Shark Rebellion : The swimwear that fights for the oceans.,"A high-performance, stylish and sustainable swimwear made from plastic and fishing nets that pollutes our oceans.",4600.0,8.434028950155469,CHF,CH,Fashion,Ready-to-wear,Lausanne,Canton of Vaud,1584312775,1616522991,1619114991,1
1551,I Read Comic Books - Year 4,"We're making the best comic book podcast out there, and we want to do so much more!",546.0,6.304448802421981,USD,US,Publishing,Radio & Podcasts,New York,NY,1481054111,1507730985,1510365600,1
1229,LOS INCOMPRENDIDOS short film [Rally GIFF],"Cortometraje de comedia sobre cómo artistas incomprendidos intentan salir del anonimato, realizando una obra de teatro callejera.",60000.0,11.002116507732016,MXN,MX,Film & Video,Shorts,Guanajuato,Guanajuato,1579116434,1582131529,1585720740,1
1404,We're ready to Globalize Project Jaguar,The leading marketplace for students and teachers is changing how everyone views education. Blockchain friendly & environment-friendly,10000.0,9.210440366976515,USD,US,Technology,Web,Orlando,FL,1541865385,1541884658,1547068658,0
1203,SAVANNAH CROWN,Prêt-à-porter hommes et femmes haut de gamme.,1.0,0.6931471805599453,EUR,FR,Fashion,Ready-to-wear,Paris,Ile-de-France,1588906042,1588911327,1591503327,1
1885,Sweet Math,Sweet Math introduces a sweet and exciting educational game for children and adults to improve arithmetic skills and have fun!,5000.0,8.517393171418904,CAD,CA,Games,Mobile Games,Montreal,QC,1378678466,1379435276,1384622876,1
1444,Victoriocity Season 2,"Help make another season of Victoriocity, the full-cast studio detective comedy podcast set in a reimagined Victorian past.",5000.0,8.517393171418904,GBP,GB,Publishing,Radio & Podcasts,Oxford,England,1529616438,1533636211,1536228211,1
1489,7 Bananas,"Inspired by true events, 7 Bananas is a short film about the sudden loss of a close friend, directed by Daisy Moore.",3500.0,8.160803920954665,GBP,GB,Film & Video,Narrative Film,London,England,1521137630,1525866696,1527594696,1
1360,ASTROAromas,ASTROAromas are handmade candles using custom scents and colors based on your Zodiac sign and decorated with a hand-drawn illustration.,350.0,5.860786223465865,USD,US,Crafts,Candles,Richmond,VA,1554492782,1554499770,1556227770,0
123,Mad-vent Calendar: The Photo Advent Calendar,Turn 25 memories into a personalized advent calendar!,500.0,6.2166061010848646,USD,US,Design,Product Design,Seattle,WA,1759274437,1761067244,1763085600,1
1503,Pattern Logic,"A puzzle game for all ages. The player who finishes putting the image together first within the specified time, wins the challenge.",30000.0,10.308985993422082,USD,US,Games,Puzzles,Amman,Amman,1518207882,1519651919,1522240319,0
1758,YOU ARE NOT ALONE 3,"You Are Not Alone 3 continues our anthology of hope with tales of overcoming abuse, bullying, depression, homophobia, racism, and more.",1500.0,7.313886831633462,USD,US,Comics,Anthologies,Reading,PA,1358866847,1435340178,1437932178,1
679,Follow The Vine Zine Volume 3,"A zine containing writing, photography, and art dedicated to sharing how we each love nature and what it means to each of us.",250.0,5.5254529391317835,USD,US,Publishing,Zines,Akron,OH,1717731164,1719321381,1721913381,1
1582,Sexy Dice Calendar 2018,For $13 bucks you'll get 12 months worth of sexy dice action in a desk calendar you can enjoy all year long!,660.0,6.493753839851686,USD,US,Photography,Photography,Tempe,AZ,1501612381,1502211518,1503507518,1
1077,PO'MA,Let's make the world a little softer together through alpaca knitwear.,8000.0,8.987321812850125,EUR,FR,Fashion,Ready-to-wear,Paris,Ile-de-France,1621274953,1625997542,1628589542,1
1107,Lady Remoulade- Cajun/Creole-French Fusion Food Project,"Lady Remoulade is a Cajun/Creole-French fusion restaurant opening in downtown Lexington, Ky",30000.0,10.308985993422082,USD,US,Food,Restaurants,Lexington,KY,1616771792,1617369494,1619150400,1
1225,The Crisis Recovery Project,"During the recent Australian Bushfires there were thousands of emergency workers responded but still, there wasn't enough help",64900.0,11.080618310893968,AUD,AU,Technology,Web,Melbourne,VIC,1580699844,1581031953,1586212353,0
887,Tales of Tomorrow: a sci-fi comic book anthology,"A collection of short sci-fi comics, from several up-and-coming creators.",1600.0,7.378383712996715,USD,US,Comics,Anthologies,Pittsburgh,PA,1687378928,1688140964,1690250400,0
377,Mnemosyne,A psychological thriller about memory and identity following two patients and the fallout from a procedure to transplant memory.,10000.0,9.210440366976515,GBP,GB,Film & Video,Shorts,London,England,1740749337,1744804804,1747483204,1
1019,Photos by Falco,the photography of choreographer Louis Falco,3500.0,8.160803920954665,USD,US,Photography,People,New York,NY,1635375549,1646242214,1648830614,1
291,The Personalised Dice Bag Project,Create a personalised dice bag just for you!,100.0,4.61512051684126,GBP,GB,Games,Tabletop Games,North Yorkshire,England,1750323991,1750326696,1752918696,0
1942,Magick & Poison: The Musical (Phase 1),Phase 1 of original stage musical that celebrates fairy tales and nursery rhymes.,500.0,6.2166061010848646,USD,US,Art,Performance Art,Columbus,OH,1332161290,1341513148,1344105148,1
171,Threads of State,Where Power Meets Petticoats: The Hidden Politics of Royal Women’s Fashion Through Photography,170.0,5.14166355650266,GBP,GB,Publishing,Nonfiction,London,England,1755531423,1755724594,1760908594,1
565,OVERSUN: SNEAKERS FOR THOSE WHO ENJOY THE MOMENT.,"New sneakers, handmade in Spain for rebels who live life to the fullest. Comfort, quality, and innovative designs in every step 👟☀️.",18700.0,9.83633227734872,EUR,ES,Fashion,Footwear,Madrid,Madrid,1720511429,1730282283,1733266740,1
1647,Unleashed- a television pilot,Unleashed chronicles a 30-something girl who is a dog walker in New York City trying to navigate her way through life.,20000.0,9.90353755128617,USD,US,Film & Video,Television,New York,NY,1463271807,1475025887,1477710000,0
1985,LA May Day Festival,The LA May Day Festival is a free music and arts festival that aims to promote a greater sense of community in celebrating May Day.,3000.0,8.006700845440367,USD,US,Art,Performance Art,Los Angeles,CA,1300487927,1300501119,1303703940,1
213,Where Legends Walk,An Anthology of Superhero Stories from Oddity Prodigy Productions,1600.0,7.378383712996715,USD,US,Publishing,Fiction,Newark,DE,1751898196,1755612454,1758204454,1
681,Städtebau im Nationalsozialismus,Ein scheinbar bekanntes Thema aus einer neuen Perspektive,12000.0,9.39274525863144,EUR,DE,Publishing,Nonfiction,Berlin,Berlin,1716896943,1718016915,1721645715,1
1571,Chasing the Great American Eclipse - Projects of Earth,"This documentary photo book captures the once-in-a-lifetime drama, humor and excitement on the day the sun disappeared over America.",8000.0,8.987321812850125,USD,US,Photography,Photobooks,Washington,DC,1499746788,1503240524,1505746124,1
1497,Free Reggae Festival,"A music festival with live bands, ethnic vegan food, and local artists and crafts. Supporting peace and unity in the community.",1000.0,6.90875477931522,USD,US,Music,World Music,San Jose,CA,1520994855,1521866624,1524458624,0
908,Offended Much? - Cheeky and offensive greetings cards,"""Offended Much?"" is a new greetings card brand focusing on funny, cheeky and slightly offensive greetings cards.",400.0,5.993961427306569,GBP,GB,Crafts,Printing,Kingston upon Hull City,England,1678971964,1680617848,1683209848,0
949,War Hamster T-Shirts,A collection of T-Shirt designs inspired by army battle wear and modelled by adorable hamsters.,2500.0,7.824445930877619,GBP,GB,Fashion,Ready-to-wear,Bristol,England,1660311841,1665126013,1667692740,1
545,TEMPORARY REPLACEMENT OF SIDE MIRROR FOR CAR,"TEMPORARY CAR PARTS IN CASE OF THEFT OR ACCIDENT, USE IT WHILE YOUR ORIGINAL PART ARRIVES AND AVOID AN ACCIDENT",64900.0,11.080618310893968,MXN,MX,Technology,Wearables,Mexico City,Distrito Federal,1730856027,1731895761,1734919761,0
1799,3D printer for our YouTube channel!,"Hello everyone. We are NaN0 T£ch. We are from Essex United, Kingdom.We would like to gain access to a communal printer for our YouTube!",200.0,5.303304908059076,GBP,GB,Crafts,Printing,Essex,England,1415540750,1415651231,1419107231,0
903,ELEGOO PHECDA Laser Engraver & Cutter,"Quality Products for Less, Creating Savings for All｜1600 cm² Working Area｜Smoke Filtering｜Easy-to-use｜",100000.0,11.51293546492023,USD,US,Technology,Fabrication Tools,Shenzhen,Guangdong,1676886735,1680962403,1684936803,1
564,Kneel Before Doomface,"DOOMFACE, A villain banished in the 80's returns to confront the modern world... and is shocked at what it has become!",8000.0,8.987321812850125,USD,US,Comics,Comic Books,San Diego,CA,1724358854,1731101153,1733284800,1
108,Tarot From The World Behind The Veil,"Welcome, traveler, to this place where the veil of reality is thinnest.",1000.0,6.90875477931522,USD,US,Games,Playing Cards,Wyoming,WY,1758849646,1761544614,1764140214,1
1783,Go Posters,Motivation on your walls.,450.0,6.111467339502679,AUD,AU,Crafts,Printing,Melbourne,VIC,1425278244,1425612176,1428200576,0
1522,"Help Fund The Steve Katsos Show, Season 9!","Help us keep The Steve Katsos Show alive! This funding helps pay for this small show that tells the world, follow your dreams...",10000.0,9.210440366976515,USD,US,Film & Video,Television,Arlington,MA,1513685376,1513696685,1515517200,0
627,Band Nerds: The Game,"From The 13th Chair, creator of The Band Nerds Book Series comes BAND NERDS: THE GAME. The best game to ever exist in the universe.",8000.0,8.987321812850125,USD,US,Games,Playing Cards,Chicago,IL,1723998296,1725884258,1727659800,0
1344,"HIP-HOP LEGEND OG CUICIDE ""SUICIDE PREVENTION""",Enable Hip-Hop Legend OG CUICIDE's Mission To Prevent Suicide In Our Country's Youth By Touring The Nation And Speaking!,24500.0,10.106469212026385,USD,US,Music,Hip-Hop,Los Angeles,CA,1550816818,1553627648,1558811648,0
1164,CourtHoops: A New Online Basketball Management Game,"An Online Simulation Basketball Website where you can Manage a Team, Develop Players, Play Against Friends, and Create a Legacy.",1200.0,7.0909098220799835,USD,US,Technology,Web,New Haven,CT,1592519491,1596208869,1599156000,1
568,MHA: 1-A Heart Charms,Mix and match your favorite ships from the kids in class 1-A,200.0,5.303304908059076,USD,US,Art,Digital Art,Orlando,FL,1730995949,1731343106,1733071106,1
106,Moonlight Haze Tarot,"A Journey Through Beauty, Depth, and Darkness",1111.0,7.013915474810528,USD,US,Games,Playing Cards,San Francisco,CA,1754442873,1762965373,1764174973,1
1890,JiHAE's new album - Illusion of You,"Pre-order now and meet Jihae on tour.  

""Like Bowie whispering secrets to the Velvet Underground"" 
- Dave Stewart",127000.0,11.751950239425476,USD,US,Music,Indie Rock,New York,NY,1370028785,1378239766,1381090966,1
2,Dance When They Want You to Cower,Queer resistance and resilience,500.0,6.2166061010848646,USD,US,Publishing,Anthologies,Madison,FL,1769428309,1771042488,1772856888,1
562,"HULA All-in-1 Drone: EDU Toy, AI Learning, Creativity Game",Battle Mode | Graphical Programming | Drone Light Show | AI Recognition | App-Controlled Gaming | 120° Adjustable Gimbal | 1080p Camera,50000.0,10.819798284210286,HKD,HK,Technology,Robots,Hong Kong,Hong Kong Island,1724749790,1729167485,1733404685,1
1934,Music of the Bateria:  A Project for ABADÁ-Capoeira Chicago,This project will help ABADÁ Chicago purchase music and training equipment to allow the school to get its programming off the ground.,1500.0,7.313886831633462,USD,US,Art,Performance Art,Chicago,IL,1347420056,1347925926,1350517926,1
1822,Slip Grip - 100% Organic Beeswax Glasses Grip,Tired of your glasses always sliding down your nose? I am creating a 100% organic beeswax solution to keep glasses where they belong.,5000.0,8.517393171418904,USD,US,Fashion,Ready-to-wear,Holmes Beach,FL,1404749210,1407534663,1412179560,0
468,Origami Mini Enamel Pins and Stickers!,Half-inch pins for small occasions! All orders will come with a matching three inch sticker!,500.0,6.2166061010848646,USD,US,Art,Digital Art,Anaheim,CA,1709771103,1739550339,1742138739,1
937,Mister Howl - A Found Footage Ghost Story Illustrated Novel,"A 100 (+) page, collectable, found footage ghost story in book form. 
Compiled from analogue recordings and photographs.",9000.0,9.105090961257083,GBP,GB,Publishing,Art Books,London,England,1662993402,1664837206,1670024806,1
1092,Kissed by BO Purposeful Fashion,"I desire to have my sketches come to life, by creating a manufactured denim line of three items- in honor of the scripture Zech 4:10",2500.0,7.824445930877619,USD,US,Fashion,Ready-to-wear,Columbus,OH,1612517127,1619663268,1622779140,1
992,Criblore: A Horror Anthology,"Currently in post-production, this cinematic book of horrific fairy tales is set in the swamps and beaches of South Florida.",3000.0,8.006700845440367,USD,US,Film & Video,Horror,South Florida,FL,1653253748,1654597590,1656731460,1
1613,Support Public Schools Betsy DeVos Bumper Sticker,Support public schools with the fun social commentary of this durable vinyl 3x7 bumper sticker. Public education has numerous benefits.,400.0,5.993961427306569,USD,US,Crafts,Printing,Tampa,FL,1486611835,1486682018,1489274018,0
1175,"Local Farm Stand-All Local, All The Time!","We're opening a farm stand to sell pork grown here on the farm, fresh eggs from our chickens & baked goods!",9900.0,9.200391041122517,USD,US,Food,Food,Slanesville,WV,1593189410,1594055339,1596647339,1
227,New Panty and Stocking Chrome enamel Pin Set Preorder,An enamel pin set featuring four characters from this animated show,888.0,6.790097235513905,USD,US,Art,Textiles,Bloomfield,NJ,1753637654,1754848599,1757440599,1
1924,Visindi Science Circus,"A benefit science circus show for technology for an elementary school in Westminster, CO.",2000.0,7.601402334583733,USD,US,Art,Performance Art,Westminster,CO,1353456866,1356141596,1359770400,1
1687,Two-In-One Wooden Puzzle Box Challenge,"There are many puzzles that get put on the shelf once solved.  When you complete this one, it becomes another puzzle.",1500.0,7.313886831633462,USD,US,Games,Puzzles,Naperville,IL,1458784437,1460420940,1463012940,0
1135,Underpasses Are Liminal Places,"A dedicated high-specification, multi-media web platform for the Underpasses Are Liminal Places project",5000.0,8.517393171418904,GBP,GB,Technology,Web,London,England,1604511788,1604941594,1607631120,1
827,1010 AI: Unleash Your Virtual Assistant in Meetings,Empower Your Workflow with Custom AI Clones – Revolutionize Team Efficiency and Creativity,62400.0,11.041336579870135,USD,US,Technology,Software,New York,NY,1706273336,1706466007,1709058007,1
1952,Colorquilts wooden jigsaw puzzle for YOUNG and OLD,"I'd like to produce a fine wooden jigsaw puzzle, with fewer than 100 large pieces. Rich and colorful, with interestingly shaped pieces!",1800.0,7.496097345175956,USD,US,Games,Puzzles,Putney,VT,1332947614,1334265850,1336857850,1
1045,Arducon: An ARDF Transmitter Controller,"Arducon is an Arduino-based ARDF transmitter controller for conducting Amateur
Radio Direction-Finding.",6000.0,8.699681400989514,USD,US,Technology,DIY Electronics,Cary,NC,1620091853,1637771481,1642955481,0
1196,The ScottyDukes Rap Album,ScottyDukes' first album of completely original hip-hop material based on his mixtape,5000.0,8.517393171418904,USD,US,Music,Hip-Hop,Brooklyn,NY,1587586416,1587589744,1592773744,0
1926,Dark Ages Webseries-Pilot,"In a dystopian world, a modern knight keeps the darkest secret from being released again.",408.0,6.013715156042802,USD,US,Film & Video,Webseries,Omaha,NE,1353362153,1356986011,1358195611,1
244,P10 - Professional Power Bank + True All-in-One Smart Handle,Smart Power Control | Magnetic 65W Fast Charger | Modular Camping Light & Fan | Pentagon & Fire-Safe Design | 10K mAh Battery,10000.0,9.210440366976515,HKD,HK,Technology,Hardware,Hong Kong,Hong Kong Island,1749711333,1751341719,1756525719,1
936,SLAPPA - The ABBA Parody Band,A hilarious comedy band that sings parodies of some of ABBA's greatest hits that are filled with dirty jokes and innuendos.,10000.0,9.210440366976515,GBP,GB,Music,Comedy,Northamptonshire,England,1665096283,1665101345,1670288945,0
669,It swallows you whole - A short film,'It swallows you whole' is a short film diving into the feelings and changes that come with losing a loved one in a difficult way.,4500.0,8.412054873292933,USD,US,Film & Video,Shorts,Half Moon Bay,CA,1720369820,1720384813,1722976813,1
1680,10 Minutes In The Forest,"Immersive, interactive, intense theatrical experience where you are the protagonist in a story about Baba Yaga and the Firebird",3000.0,8.006700845440367,USD,US,Theater,Immersive,Seattle,WA,1460578604,1462420776,1464750000,1
508,Please Tell Me More - Niovel's New Album On CD,The story continues!,1500.0,7.313886831633462,EUR,DE,Music,Metal,Linz am Rhein,Rhineland-Palatinate,1736597697,1736609740,1739206800,1
1026,Atomic Comic,The return of the cult classic,3500.0,8.160803920954665,GBP,GB,Comics,Anthologies,Edinburgh,Scotland,1638791354,1643702515,1647374400,0
874,The Legacy Collection,A Movement to Bring Visibility Back to the Artistry of Traditional Sartorial Work,2500.0,7.824445930877619,USD,US,Fashion,Ready-to-wear,Ithaca,NY,1684605101,1690923355,1694811355,1
38,VibraDriveRacing: A SimRacing & Simulator Haptic DIY Kit,Connect to your senses with our Haptic Do-It-Yourself Kit and immerse yourself into realistic gaming experiences.,30000.0,10.308985993422082,EUR,DK,Games,Gaming Hardware,Sonderborg,Syddanmark,1747297993,1765533428,1769853428,0
391,Allies of Majesty: Chronicles - Vol. 1,A collection of short stories set in the Allies of Majesty universe.,1200.0,7.0909098220799835,USD,US,Publishing,Fiction,Columbus,OH,1739457392,1743515981,1746971981,1
1907,Open-Source NiMh Battery Charger/Analyzer,Charge and Analyze NiMh Batteries with 18-bits of Resolution (Now 100% Arduino Compatible),6000.0,8.699681400989514,USD,US,Technology,DIY Electronics,Salt Lake City,UT,1368936116,1369382273,1371887873,1
31,MECHFX Metal Dice Set | Gundam Card Game™ Compatible,"Machined aluminum, color-coded anodized dice markers in a secure magnetic case with textured holographic ""EX"" tokens.",1000.0,6.90875477931522,USD,US,Games,Playing Cards,Pensacola,FL,1762811777,1767839755,1770431755,1
27,AnviL Automatic Watch | ACT001 | ACT002,316L Stainless Steel | Sapphire Crystal | Miyota Automatic | Genuine Alligator Leather | Genuine Salmon Leather | Handmade Strap,10000.0,9.210440366976515,HKD,HK,Design,Product Design,Hong Kong,Hong Kong Island,1767877315,1768627524,1770787524,0
42,The dragon lair 6,"3d models for 3d printing in STL format. /28mm For board games, role-playing games, RPG or wargames",500.0,6.2166061010848646,EUR,DE,Design,Product Design,Berlin,Berlin,1768371807,1768771768,1769462968,1
1943,The Way In - Burning Man 2012,A 22' tall aluminum Dodecahedron with a pendulum that can be ridden like a swing. The pendulum traces lines in the playa surface.,4400.0,8.38958706681109,USD,US,Art,Sculpture,Black Rock City,NV,1339795887,1341515809,1344024000,1
1861,Lang Dance Senior Show,Help fund the collective Thesis works of Eugene Lang College Dance Seniors!,800.0,6.68586094706836,USD,US,Dance,Performances,New York,NY,1393862496,1394213497,1396369897,1
1047,Beyond the Fall: a Post-apocalypse LARP,"A new, bi-monthly live-action role-playing experience in Southern New Jersey",1500.0,7.313886831633462,USD,US,Theater,Immersive,Barnegat,NJ,1639883319,1640027908,1642648500,1
1337,Life as we Know It! 2 Year Anniversary Physical Edition!,"The official physical published edition of my weekly comic Life as we Know It! This is the two-year anniversary project, soft cover!",1900.0,7.550135342488429,USD,US,Comics,Anthologies,Los Angeles,CA,1541731174,1557787284,1560379284,0
1470,"Project-Inc. Presents: ""My Brother, Dear Sister""","Following its successful premiere in Wales, Project-Inc. Presents: ""My Brother, Dear Sister"" is coming to New York City.",6000.0,8.699681400989514,USD,US,Dance,Performances,New York,NY,1528896561,1528907758,1531499758,0
428,Swiss made creator watches - Limited edition to 300 pieces,"Limited-edition Swiss made creator's watches, inspired by the automobile design of the 60s and interior architecture of the 20s",55000.0,10.915106645867503,EUR,FR,Design,Product Design,Paris,Ile-de-France,1737381579,1741843256,1744435256,1
178,Word Game: Crossword Star,"A crossword adventure beyond the stars - solve word puzzles that fuse logic, language, and imagination.",25000.0,10.12667110305036,USD,US,Games,Puzzles,Seattle,WA,1752698884,1758052903,1760644903,0
1533,"2018 'Damn Montana, Why You So Ugly?' Calendar","2018 Calendar showcasing Montana's hideousness from the mountains of the west to the badlands of the east by photographer, Andy Austin.",1000.0,6.90875477931522,USD,US,Photography,Nature,Bozeman,MT,1510857180,1511367586,1513365120,1
187,Loose In The Library,Build a team of inspirational women from history and fiction to capture literary terrors in a cursed library.,2000.0,7.601402334583733,GBP,GB,Games,Tabletop Games,Reading,England,1728152988,1758020409,1759870800,1
275,Pitch Kit,Composer Tools For Music Theory Exploration And Calculation,3000.0,8.006700845440367,USD,US,Technology,Apps,Orlando,FL,1746987349,1751381882,1754060282,0
363,ANTANK B08 - The 25000mAh Power Bank with Dual Carry Options,25000mAh | Dual Carrying Options | 100W Output | PD 3.0 Fast Charging | Smart Display | Charge While Using | Stylish & Sleek,4000.0,8.294299608857235,USD,US,Technology,Gadgets,USA,AL,1740725259,1745323280,1748347280,1
734,Palatino: Timeless Elegance Inspired by Ancient Rome,Experience the Majesty of Rome on Your Wrist with Our Exquisite Timepiece,5650.0,8.639587799629844,EUR,IT,Fashion,Accessories,Rome,Lazio,1712253840,1713736814,1716328814,0
110,Dark Darkness #1-3 | Supernatural Fantasy Comedy Comic,"Three supernatural misfits and an RPG Dungeon Master battle dark lords, eldritch foes... and each other! Based on hit webseries!",1000.0,6.90875477931522,USD,US,Comics,Comic Books,San Diego,CA,1759466911,1762297428,1764036000,1
658,More Lore From The Mythos: Special Hardcover Editions,Cosmic Horror! Eternal Darkness! Eldritch Horrors! A whole new collection of Lovecraft inspired tales ready to infect you with madness.,1900.0,7.550135342488429,USD,US,Publishing,Fiction,Dallas,TX,1713754329,1722502830,1724403630,1
596,Falling Short - A film by Oleńka Wellisz,An absurdist historical comedy about Napoleon Bonaparte and his telepathic dachshund on the island of Saint Helena.,15100.0,9.62251624577579,GBP,GB,Film & Video,Shorts,London,England,1727919045,1728575828,1731171428,1
424,Lov Flowers – Custom Handcrafted Creations Just for You,"Unique handmade, personalized and sustainable accessories, designed to express your individuality and tell your story.",3900.0,8.268988209506656,EUR,IT,Fashion,Accessories,Siena,Tuscany,1732031446,1741282361,1744734761,0
1641,Indirect,A film crew breaks into an abandoned mansion to film their short narrative. They soon find out the house isn't abandoned.,2250.0,7.719129840906732,USD,US,Film & Video,Horror,State College,PA,1476147834,1476750408,1479173208,1
473,Tales from Talanya,A social emotional learning (SEL) curriculum and tabletop roleplaying game made by educators for educators.,10000.0,9.210440366976515,USD,US,Games,Tabletop Games,Portland,OR,1723314969,1739290759,1741879159,1
179,Playable Field Guide,A pocket-sized tribute to Capital Region wildlife—support queer artist Rainier Bernhardt’s nature-inspired playing card deck.,2500.0,7.824445930877619,USD,US,Games,Playing Cards,Albany,NY,1756297004,1758049910,1760641910,1
1514,The Love and Luck Podcast: Season 2,"Love and Luck is an Australian queer romance audio drama with a touch of magic, told via voicemails. Help us fund our second season!",5000.0,8.517393171418904,AUD,AU,Publishing,Radio & Podcasts,Melbourne,VIC,1512878659,1517383759,1519806600,1
1828,VIVO Solar Bag,"A backpack with a built in solar panel to charge any USB device. Includes removable battery pack, USB cable, and 7 different adapters!",2500.0,7.824445930877619,USD,US,Technology,Wearables,Goodfield,IL,1408550844,1409090013,1410904413,1
780,The Skull & Laurel: Magazine of New Weird Fiction,"A quarterly journey into the New Weird corners of the speculative fiction map: Horror, Sci-Fi, Fantasy...and then it gets really Weird.",12000.0,9.39274525863144,USD,US,Publishing,Fiction,Portland,OR,1700070610,1710249646,1712841646,1
43,Bio gas for camping or home,We want to develop a simple kit for generating energy,5200.0,8.556606193773073,EUR,DE,Technology,DIY Electronics,Ludwigsfelde,Brandenburg,1765301767,1766405363,1769429363,0
1176,Made. by Lia Craft Bakery,"A local craft bakery where wedding cakes & sweets are created from scratch, by hand, & made with personality.",15000.0,9.61587214452889,USD,US,Food,Restaurants,Florissant Old Town,MO,1577502765,1594165999,1596585600,1
512,The unraveling of the unknown girl,Getting to know myself through poetry while healing from trauma. Wanting to share with others in similar situations,100.0,4.61512051684126,USD,US,Publishing,Poetry,Orlando,FL,1736206660,1736365604,1738957604,1
926,i perdenti - losers,parochial school was never the same,8000.0,8.987321812850125,USD,US,Film & Video,Television,Boston,MA,1668734110,1668737640,1673920620,0
1038,Fair Game's 2022 International Women's Day Conference,"Attend our first flagship event - a virtual conference focusing on gender equality, the future of the game and tackling prejudice.",4000.0,8.294299608857235,GBP,GB,Games,Live Games,London,England,1638539566,1643228597,1644969540,1
1403,FAB9: Melbourne's newest high-tech makerspace,A makerspace that empowers inventors.,50000.0,10.819798284210286,AUD,AU,Technology,Fabrication Tools,Melbourne,VIC,1540946665,1542594332,1547729940,0
440,Cities Like Oakland,A Short Film About Futility and Hope,15000.0,9.61587214452889,USD,US,Film & Video,Narrative Film,Oakland,CA,1737510501,1741129873,1743718273,1
537,Between us - Aaron Guy Leroux,"— one photographer's evidence of one summer, on scooters, racing across Los Angeles as society is tested at its roots",3375.0,8.124446855715847,USD,US,Photography,People,Los Angeles,CA,1734028769,1734656060,1736190000,1
1510,Chthonian Chronicles Comic Book,This will be an ongoing project showcasing various amazing artists drawing short stories by Norrin Powell.,1000.0,6.90875477931522,USD,US,Comics,Anthologies,San Diego,CA,1517381076,1517422651,1520446651,0
1872,The Language of Birds Pressed into 180 Gram Orange Vinyl,"Help The Hot Place (Lisa King, Jeff Calder, Mike Lynn, Robert Schmid) press their new album into 180 gram Tangerine Orange Vinyl!",3000.0,8.006700845440367,USD,US,Music,Indie Rock,Atlanta,GA,1385880154,1386274735,1389588900,1
1121,KIMONO DRESSING BOOK: Obi Musubi,Opening the borders about the mysteries and complexities of kimono dressing.,5000.0,8.517393171418904,USD,US,Publishing,Academic,North Hollywood,CA,1603832617,1605459136,1610643136,1
389,Chess Hustle House – A Competitive 3D Chess RPG,"Enter a 3D chess RPG world. Win matches, level up your character, and build your rep in live social strategy hubs.",30000.0,10.308985993422082,CAD,CA,Games,Live Games,Toronto,ON,1742513236,1743281646,1747169646,0
242,Weirding Hours: An Ominous Omnibus,A Horror Anthology For Young Readers! This Collection Of Spooky Tales Will Have You Checking Under Your Bed At Night...,2000.0,7.601402334583733,USD,US,Comics,Anthologies,Helena,MT,1754002458,1754052324,1756644324,1
76,"Tip&Tips - Instant human help, faster than tutorials.","Get real help from real experts in minutes - Smarter than tutorials, cheaper than shops and faster than Q&A platforms.",35000.0,10.463131911491969,CAD,CA,Technology,Apps,Toronto,ON,1761807540,1762313958,1766649840,0
1740,Scifies #4,"The 4th issue of Ramon Gil's comic anthology, Scifies #4 features original stories from other writers and artists!",1000.0,6.90875477931522,USD,US,Comics,Anthologies,New York,NY,1443959810,1444293076,1446888676,0
742,The Linear XT01 Automatic Watch.,A uniquely styled watch that draws inspiration from custom motorcycle engineering. Built for any journey and powered by yours.,39000.0,10.5713425658087,AUD,AU,Fashion,Jewelry,Sydney,NSW,1554119861,1713337782,1715929782,0
1938,CHROMA COALITION - Transform Yourself,To body paint is a method to literally draw out inner beauty and create an outer body experience. And I repeat–literally.,500.0,6.2166061010848646,USD,US,Art,Performance Art,Los Angeles,CA,1335732169,1340700072,1345876200,1
330,Torquemada's Inquisition,3D printable STL & physical miniatures of trench warriors with colonial Spanish style. Compatible with WW1 tabletop wargames and TTRPGs,5000.0,8.517393171418904,USD,US,Games,Tabletop Games,Sheridan,WY,1737635331,1748970041,1750352441,1
119,ilo robot - Inspiring tomorrow’s innovators,"Explore, build, and grow with ilo - the educational robot designed to last and empower the next generation of innovators.",10000.0,9.210440366976515,EUR,FR,Technology,Robots,Paris,Ile-de-France,1729089978,1759320672,1763212272,1
22,Dust & Marrow Tarot Deck,"A 78-card deck deck rooted in gothic minimalism. Occult, Folk and Esoteric Imagery.",1500.0,7.313886831633462,EUR,PL,Games,Playing Cards,Antwerp,Antwerp,1769678023,1769758950,1771314150,1
1182,Classic Breakfast Sandwich - 100% Plant-Based,The Classic Breakfast Sandwich of your childhood - now 100% plant-based. Help us get this fan favorite out to cafes and grocery stores.,6000.0,8.699681400989514,USD,US,Food,Vegan,Olympia,WA,1591981888,1593800560,1595614960,1
1204,RIP: Rest In Pieces,"Pre-order for the new indie horror/action hybrid ""RIP: Rest In Pieces"". Funds will be used hire a composer and to screen the film.",4500.0,8.412054873292933,USD,US,Film & Video,Horror,Toledo,OH,1587482453,1588075044,1590983940,1
289,the DELTAS,hand-made bags to explore the unknown,200.0,5.303304908059076,USD,US,Fashion,Accessories,Baltimore,MD,1751236280,1751726084,1752935684,1
861,Prototype: GraphBall,A small table with drawings in the sand,900.0,6.803505257608338,EUR,IT,Technology,DIY Electronics,Italia,Piedmont,1695727426,1697005610,1698733610,0
738,THE LAST CALL BOOK - PHILIPPA STANTON,The disappearance of the KX100 phone box.,12000.0,9.39274525863144,GBP,GB,Photography,Photobooks,Penzance,England,1701352541,1713545934,1716137934,0
1491,"Yer a Wizard Harry Podcast, Season 5",Help us create our Harry Potter and the Order of the Phoenix book club podcast! In return and get some cool HP stuff!,3000.0,8.006700845440367,USD,US,Publishing,Radio & Podcasts,Washington,DC,1521211426,1523981048,1525881600,1
1427,HERE WE ARE: Sarah Clanton's Feel-Good Cello-bration!,"Here we are & we belong: pop-alt cellist/singer-songwriter, Sarah Clanton, is launching an uplifting record to help the world feel good",25000.0,10.12667110305036,USD,US,Music,Pop,Nashville,TN,1535303481,1538370015,1540962015,1
950,That One Kid,That one kid is a graphic novel about the life of an ordinary kid going through middle school.,550.0,6.311734809152915,USD,US,Publishing,Art Books,Moscow,ID,1640901998,1662397828,1667581828,1
297,Bats in the Attic - Part 1 - A Sapphic Gothic Vampire Noir,"1898:May tends an empty manor in the middle of the woods. Trusted with a dead wife's treasured home, May feels her presence everywhere.",1000.0,6.90875477931522,GBP,GB,Comics,Comic Books,Edinburgh,Scotland,1750838965,1751886002,1752777000,1
71,Fortune Fortune - a New Paranormal Comedy!,A funny paranormal comedy about a fortune teller that summons a ghost to haunt a couple facing marital problems!,3000.0,8.006700845440367,USD,US,Film & Video,Comedy,Los Angeles,CA,1760594109,1761718468,1766906068,1
1557,"Photo Exhibition ""Notas al Futuro"" by breve_ ""Project earth""","breve is an emergent art gallery for emerging collectors. breve strengthens its exhibition program with the show ""Notas al futuro""",150000.0,11.918397239722838,MXN,MX,Photography,Photography,Mexico City,Distrito Federal,1501255247,1504629014,1508949014,1
96,"CRM for small businesses – from a detailer, for detailers","Simple, intuitive CRM built by a detailer to help auto detailers manage clients, jobs, payments effortlessly, invoices, and revenue",6000.0,8.699681400989514,USD,US,Technology,Apps,Honolulu,HI,1761682735,1762358416,1764950416,0
1386,PiBurn: Rotary Attachment for Laser Engravers,Versatile and affordable rotary attachment,15125.0,9.624170396415977,USD,US,Technology,Fabrication Tools,Warwick,NY,1547909778,1548792995,1551384995,0
1788,UnaliWear Kanega Watch: Extending Independence with Dignity,"Called a ""Wearable OnStar(tm) for Seniors,"" Kanega offers discreet support for falls, medication reminders & guards against wandering.",100000.0,11.51293546492023,USD,US,Technology,Wearables,Austin,TX,1420666480,1424167593,1427259540,1
1977,Requisitedance Gets Down and Dirty,Requisitedance is commissioning established choreographers Cathleen McCarthy and Ray Tadio for the Down and Dirty Dance Series 2011.,1500.0,7.313886831633462,USD,US,Art,Performance Art,San Francisco,CA,1305173862,1308107995,1315883995,1
1221,Aparecides - a social realist short film,Shot amid the social uprising happening in Chile,12000.0,9.39274525863144,USD,US,Film & Video,Shorts,Santiago,Santiago Metropolitan Region,1580541915,1583186145,1586379345,1
880,The Gubu Dolls Saga - Deluxe edition,"A special, subscriber-only large format hardback edition of the Gubu Dolls Saga",500.0,6.2166061010848646,EUR,IE,Publishing,Art Books,Dublin,Dublin,1685450147,1689927095,1692519095,1
259,From Temple to Tab: Creating the Four Pillars Wisdom website,An ancient compass to what tomorrow whispers,500.0,6.2166061010848646,CAD,CA,Technology,Web,Vancouver,BC,1747641736,1752715725,1755394125,1
1695,LOVE MACHINES: Volume 1 Collection,Lives and loves touched by technology. Collecting the acclaimed technological romance series for the first time -- in color!,3500.0,8.160803920954665,USD,US,Comics,Anthologies,Los Angeles,CA,1453396219,1458062115,1460789940,1
886,Traditional Japanese Jacket - Obiji Hanten,Fusion of gold brocade obi fabric and denim. Please wear Japanese traditional culture!,300000.0,12.611541086966117,JPY,JP,Fashion,Ready-to-wear,Okayama,Yamagata Prefecture,1665646728,1686655369,1690556340,1
869,Weiße Wände werden Bunt...,"""Weiße Wände werden bunt... Kinderlachen, Kreativität und soziale Räume gestalten – Wir machen Ihre Einrichtung bunt und kinderfreundl",26200.0,10.173552856959745,EUR,DE,Crafts,Printing,Deutsch,Saxony-Anhalt,1693820655,1693841833,1696433833,0
1804,The Conference Of The Birds - An Epic Tale Of Discovery.,Be Copious. Help us soar to new heights in 2015. We need your support to bring The Conference Of The Birds to San Francisco audiences.,4999.0,8.517193191416238,USD,US,Dance,Performances,San Francisco,CA,1412614085,1413674696,1415426400,1
721,"""Exploring Massachusetts coastal communities""","""Exploring Massachusetts""",10000.0,9.210440366976515,USD,US,Photography,Photobooks,Boston,MA,1689611042,1712082031,1717266031,0
1550,To the Edge of the Sky - Reloaded,Go to the year 2077 in unofficial visual novel game interprets Korean idol group BTS as secret operatives in a sci-fi cyberpunk world.,5000.0,8.517393171418904,USD,US,Games,Mobile Games,Orlando,FL,1508081907,1508532280,1510981140,1
177,The Dark Library Tarot,"A playful hand-drawn deck that celebrates the beautiful lessons we can learn from classic horror, sci-fi, and gothic literature.",10000.0,9.210440366976515,USD,US,Games,Playing Cards,Phoenix,AZ,1740625633,1758053488,1760645488,1
1847,iPhone Game Pad by Hanafunda,"Presenting the G-Pad, the new game pad for iPhones, iOS & Mac for the gamer in all of us ! Wait till you see how it all works !",55000.0,10.915106645867503,AUD,AU,Games,Gaming Hardware,Melbourne,VIC,1402626343,1403513195,1406105195,0
1639,Unipop Jewellery Candles,Gorgeous scented natural soy wax candles with a jewellery surprise inside valued between $40 and $1000!,2300.0,7.741099090035366,AUD,AU,Crafts,Candles,Redbank Plains,QLD,1476988470,1477103193,1479698793,0
1755,BLINKY.SHOES - Blinky LED strips to light up your shoes,"Add these reactive, customizable LEDs to your favorite shoes and melt brains wherever you go.",5000.0,8.517393171418904,USD,US,Technology,Wearables,San Francisco,CA,1433391428,1436274358,1438866358,1
262,Pulp Girls: Dust Bunny 1-2,"The post-warming cyber western with an enigmatic 6-GUN slinging ""BOUNTY DUSTER"" roaming the sun scorched New West continues!",5000.0,8.517393171418904,USD,US,Comics,Comic Books,Beaverton,OR,1747691047,1752800708,1755219908,1
1884,The Unassisted EP 'Revolution',Be part of our very first studio recording (literally if you've got the cash !). Please support us and MARCH with the #unassistedarmy,750.0,6.621405651764134,GBP,GB,Music,Indie Rock,Manchester,England,1379541252,1379629311,1384815600,1
1540,FaceToast,FACETOAST. SEND A PIC. GET A TOAST. FACE YOUR FOOD.,227.0,5.429345628954441,USD,US,Photography,Photography,Denver,CO,1508635642,1509689843,1512285443,1
371,Recast System: Revolutionizing Mold Manufacturing,The Centrifugal Rubber and Vulcanizing Machine that will Transform Your Workshop,5836.0,8.671972245203792,EUR,ES,Technology,3D Printing,España,Madrid,1742898870,1745243602,1747835602,0
9,Posta PUNK,Crazy mashup post apocalyptic miniatures by Maraud and Minimorph,1000.0,6.90875477931522,EUR,FR,Games,Gaming Hardware,Grenoble,Rhone-Alpes,1760083650,1770713871,1772528271,1
744,Super Suction Gun : suction with maximum grip.,"No more prying and gouging with sharp tools, the Super Suction Gun attaches to almost any surface with max grip.",25000.0,10.12667110305036,USD,US,Technology,Hardware,Boston,MA,1708375255,1711900911,1715788911,0
1380,Help me fund my next EP!,This year I'm going to be recording a brand new EP! I need your help to make this record come to life.,5000.0,8.517393171418904,GBP,GB,Music,Pop,Cumbria,England,1548520850,1549111614,1552049214,1
581,3D Printable DnD heroes #4 - Barbarians,"3D Printable STL Heroes for your Tabletop games, Wargames and RPGs!",30.0,3.4339872044851463,GBP,GB,Games,Tabletop Games,Doncaster,England,1729405927,1730480414,1732298414,1
775,Dreaming in Color: A Natalie Andrewson Artbook from Peow2,Highly magical collection of original risograph artwork collected for the first time in an exceptionally designed book from Peow2,30000.0,10.308985993422082,EUR,SE,Publishing,Art Books,Stockholm,Stockholm,1706980491,1710503963,1713095963,1
1650,Raising Wilder - Reality TV Show,"Follow the Lovable, Family-Oriented Antics of the Modern-Day Descendants of Eliza Jane Wilder from ""Little House on the Prairie"".",35000.0,10.463131911491969,USD,US,Film & Video,Television,74066,OK,1471358890,1471465762,1476649762,0
649,"RIEN DE SERIEUX, un film sur l'amour et un marteau","Entre Fleabag et How I Met Your Mother, une comédie romantique écrite et réalisée par Lucas Magis.",900.0,6.803505257608338,EUR,FR,Film & Video,Shorts,Paris,Ile-de-France,1719326885,1723292192,1725884192,1
1747,The Grime,The Grime is a horror anthology bringing together some of the best British talent on the small press scene for an epic horror fest.,1300.0,7.170888478512505,GBP,GB,Comics,Anthologies,Bathgate,Scotland,1438097683,1441032006,1443632400,1
1326,Exclusive Jordan Copas Album available only thru Kickstarter,"Help kick start an exclusive release of my 8th studio album that will be available only to backers here on kickstarter. 
-Jordan Copas",700.0,6.55250788703459,USD,US,Music,Hip-Hop,Johnson City,TN,1560965404,1561213729,1562423329,0
1236,Label Fund,"Studio Equipment, Start-up",800.0,6.68586094706836,USD,US,Music,Hip-Hop,Greensboro,NC,1579022813,1579026847,1584207247,0
332,Flesh-Eating Cheerleaders Spring Break #1-3,The next exciting issue in our erotic horror series.,1000.0,6.90875477931522,USD,US,Comics,Comic Books,Tall Timbers,MD,1748970714,1749555389,1750343400,1
1357,Canecto - Automated Web Analytics Advice,Grow your site with confidence,50000.0,10.819798284210286,DKK,DK,Technology,Web,Copenhagen,Hovedstaden,1550300279,1552302896,1557486896,0
124,Moonfang Leather Co: The Night is Wild. Your Gear Should Be,"Elevate your everyday carry with essential leather goods, crafted by hand in Brunswick, Georgia.",21940.0,9.99611231164195,USD,US,Fashion,Accessories,Brunswick,GA,1758974286,1760445797,1763041397,0
241,"Unstab me, Death! | The Complete Comic Series","On a quest to break her curse, Sin journeys into the underworld in search of Death, all whilst in the company of her ridiculous guide.",200.0,5.303304908059076,GBP,GB,Comics,Comic Books,London,England,1750446903,1754037082,1756647000,1
138,Inclusive & Educational 3D Animation Series for Kids,"Our inclusive and educational 3D animation series promotes diversity, joy, and learning for children around the world.",7500.0,8.922791623969637,PLN,PL,Film & Video,Animation,Warsaw,Masovian,1759783217,1759863652,1762459252,0
1075,An Inspiring Journey Aboard The Karma Train!,Get on board the Karma Train! Follow Planet Karma & friends as we travel across Canada showcasing the people who make a difference!,5555.0,8.622633703874234,CAD,CA,Film & Video,Television,Toronto,ON,1626361232,1626371541,1629222741,0
1471,HEARD NOW ..Magazine for a smarter world,A magazine that is aimed at young people today. Belief is that they're smarter & in tune with what's going on the world.,27000.0,10.203629181337648,USD,US,Publishing,Periodicals,Jacksonville,FL,1528486216,1528901075,1531493075,0
1213,Vinyl Fanatiks Presents: The Shotgun Series #01,"💥 Two Shots of Jungle Heat 💥

X-Plode - 'First Of Many/Watch This Go' EP /

Norty But Nice - 'Do You Want It/Give It To Me Baby' 12""",2000.0,7.601402334583733,GBP,GB,Music,Electronic Music,Bournemouth,England,1588023509,1588359601,1589576400,1
251,Hengbot Sirius: The World's First Trainable AI Robotic Dog,Super Agile Robot in 1KG | 1000+ Motion Library | AI Multimodal Interaction | 5 TOPS AI Processor | Bionic Design | Creator-Friendly,5000.0,8.517393171418904,USD,US,Technology,Robots,Albany,NY,1739168133,1752165646,1756053646,1
1137,Pig Jump,A video game for mobile made by a single person. Play for free now!,10000.0,9.210440366976515,EUR,FR,Games,Mobile Games,Brest,Brittany,1582363978,1604134567,1606777140,1
516,THE LAST TEN MINUTES,The countdown to courage.,2000.0,7.601402334583733,GBP,GB,Film & Video,Thrillers,London Borough of Greenwich,England,1730896878,1734466166,1738418400,1
1359,Laubfix Gartenschaufel 2.0 – Spass bei der Gartenarbeit,Universal im Garten einsetzbar – multifunktional das ganze Jahr über,100000.0,11.51293546492023,EUR,DE,Technology,Fabrication Tools,Deutsch,Saxony-Anhalt,1549906298,1551943892,1557124292,0
1194,Joint Creative,A platform for creative people to connect and collaborate on projects,1200.0,7.0909098220799835,USD,US,Technology,Web,St. Louis,MO,1589245049,1589245975,1593133975,0
287,Kitsune Mask Pouch,A mini silicone pouch.,5000.0,8.517393171418904,SGD,SG,Fashion,Accessories,Singapore,Central Singapore,1747291868,1750467625,1753059625,1
1564,Muthu: Precious Pearls Dance Drama,"Muthu is an original melodic and entrancing Bharatanatyam dance drama following the journey of a child, who is a  precious pearl.",2500.0,7.824445930877619,USD,US,Dance,Performances,Watchung,NJ,1503411119,1504644076,1507668076,0
1541,Sentimental: Michelle Groskopf's First Monograph,A Monograph collecting the best of Michelle Groskopf's street photography from the past 5 years published by The Magenta Foundation,20000.0,9.90353755128617,USD,US,Photography,Photobooks,Los Angeles,CA,1499545642,1509639410,1512235010,1
678,Kogekunsts 3. plade,"""Man skal da aldrig nogensinde stoppe mens legen er god"". Lang fødsel, skønt barn. Mere jazzy, spazzy, in your facey og poppy end før.",15000.0,9.61587214452889,DKK,DK,Music,Indie Rock,Aalborg,Nordjylland,1701341798,1719396866,1721988866,1
95,Zeanith The Arcanum Arcanorum Saga-Arcanum Draconis protocol,Your Gateway to an Expanding Saga of Power and Mystery,3500.0,8.160803920954665,USD,US,Film & Video,Fantasy,New York,NY,1755642376,1759845187,1765032787,0
729,Rangtaat,Handmade Jewellery,100.0,4.61512051684126,EUR,FR,Fashion,Jewelry,France,Auvergne,1709374735,1711878030,1717062030,0
1511,AMBIENTACIÓN MUSICAL. CANTAR Y BAILAR EN FIESTAS Y EVENTOS.,"Ofrecer música de 7 décadas para ambientar eventos institucionales, fiestas, reuniones y festejos. Incluye diferentes géneros y épocas.",140000.0,11.849404844423074,MXN,MX,Music,World Music,Mexico,Baja California,1484160563,1516836408,1520292408,0
524,Careld: Anti-snore Self-Inflating Air Cushion Smart Pillow,Reduce Snoring by up to 80% | Open Airways | Self-Inflating Air Cushion | Works Silently | Tracking Sleep Data | Ergonomic Memory Foam,39000.0,10.5713425658087,HKD,HK,Technology,Gadgets,Hong Kong,Hong Kong Island,1730974319,1732631433,1737815433,1
1385,Hideaway,A short film about a deaf student who comes to university and his struggles to socialise and form relationships with others.,150.0,5.017279836814924,GBP,GB,Film & Video,Drama,Wolverhampton,England,1544463417,1548502901,1551526901,1
299,HOLOCENE OCTALYS – A French octagonal watch designed to last,"A bold French mechanical watch, designed between Brussels & Metz, and assembled in Besançon. Built to last. — sans compromis. 🇫🇷",99500.0,11.507922973347435,EUR,LU,Fashion,Accessories,Besançon,Franche-Comte,1749056434,1750003204,1752595204,0
1365,"WikiArchitecture.org, the FREE architecture encyclopedia","WikiArchitecture.org, the FREE architecture encyclopedia, needs your help to step up its game!",5700.0,8.648396877031582,EUR,ES,Technology,Web,Barcelona,Catalonia,1549126066,1553497364,1555311764,0
901,Power of Play: A TV Show Series,A playroom makeover TV show for parents who want their children to thrive.,80000.0,11.289794413577894,USD,US,Film & Video,Television,Westport,CT,1670639743,1682938325,1685530325,0
284,Finite,A story about a scientist torn between his family and the future.,10000.0,9.210440366976515,USD,US,Film & Video,Shorts,Portland,OR,1746574489,1750824280,1753513140,1
1373,InPrint Magazine Issue 03: IMPACT,A magazine centered around the impacts and implications of design in our world,1000.0,6.90875477931522,USD,US,Design,Graphic Design,Davis,CA,1548979948,1549334463,1553151540,1
795,"""CAN I TELL YOU SOMETHING?""",A Photography and letters book of 120 pages / Un livre de photographie et lettres de 120 pages,4550.0,8.423102268016642,EUR,FR,Photography,Photobooks,Paris,Ile-de-France,1705829026,1709023194,1711611594,0
1397,Empowering Local Women,"Handmade Fair-Trade, Sustainable Back Packs that Empower Women and Children.",10000.0,9.210440366976515,USD,US,Crafts,Weaving,Portland,OR,1542482130,1544468731,1549652731,0
971,"Pitchshifter 1998 Tour Diary (Book 2) ""Tokyo or Bust""","The sequel, limited-edition, hardback book of J.S. Clayden's 1998 tour diary!",6000.0,8.699681400989514,GBP,GB,Music,Metal,Nottingham,England,1647555345,1661875227,1664467227,1
1964,Vanity of Vanities,Help four collaborating artists finish an interactive installation inspired by the exquisite corpse.,789.21,6.672298732921261,USD,US,Art,Sculpture,Reading,PA,1326561552,1328902433,1330716833,1
1975,"Don't Dream It, Be It! Fight Censorship & Fund Rocky Horror!",Help us overcome censorship in our community and produce The Rocky Horror Show in a private venue! Every $1 donated will be matched!,5000.0,8.517393171418904,USD,US,Art,Performance Art,Carrollton,GA,1316464178,1316574493,1319166493,1
379,"TiBoost: Phone Stand, USB Flash Drive & Multi-Tool",GR5 Titanium | USB Drive | Extendable Phone Stand | SIM Tool | Holds 3 Bits | Bottle Opener | Pry Bar | Box Opener | Pocket-Sized | EDC,25000.0,10.12667110305036,HKD,HK,Design,Product Design,Hong Kong,Hong Kong Island,1742207326,1744725621,1747404021,1
748,Phantoms from the Sky,Riveting tales of first contact with unidentified flying objects and enigmatic beings from beyond.,500.0,6.2166061010848646,USD,US,Publishing,Fiction,Kennesaw,GA,1707407324,1712759780,1715351780,1
364,Dungeon (STL) MOMminiatures,One-piece miniatures 32mm prepared for Dungeons.,500.0,6.2166061010848646,EUR,ES,Games,Tabletop Games,Osuna,Andalusia,1743078714,1746179787,1748339787,1
1490,my first EP '' Nunca traicione a quien no lo merecía''.,I've been wanting to get a music project for more than 3 years but for lack of money I could not. That's why I'm looking for a support,6500.0,8.77971129020447,MXN,MX,Music,Hip-Hop,Mexico,Baja California,1524357049,1524366426,1527044826,0
794,Ancient Shadows: A Print & Play solo game with unique traits,"Solve dark village maps with Dice and App: a Roll and Write with innovative mechanics on device, for a unique mix!",1000.0,6.90875477931522,EUR,IT,Games,Tabletop Games,Italia,Piedmont,1706314468,1708601424,1711621824,1
132,Roblox X Minecraft: Inspired Film,"When Roblox meets Minecraft, the battle for worlds begins.",130000.0,11.775297421715829,SGD,SG,Film & Video,Animation,Singapore,Central Singapore,1758773822,1760200341,1762795941,0
1513,Investments For Marketing My Music Career,I'll have links to my music so that you can make an informed decision on whether or not you think it's worth investing in.,10000.0,9.210440366976515,USD,US,Music,Hip-Hop,Conyers,GA,1514690072,1514812525,1519996525,0
167,Buy-On-Demand,Retail companies have an excess of inventory. What if we could solve that problem by buying clothes before they're made?,1700.0,7.438971592395862,USD,US,Fashion,Couture,San Francisco,CA,1758301947,1758564867,1761156867,0
1068,"Two indie love songs, two sides of the heart!",Two songs from two very different parts of the heart. Help us borrow some magic and make something special!,4500.0,8.412054873292933,AUD,AU,Music,Indie Rock,Melbourne,VIC,1629079218,1629838333,1632430333,1
1258,Rosemary Scent - Otome Visual Novel,"As long as you know him, another side is revealed. What would you do if your choice is probably less free than you imagine?",3000.0,8.006700845440367,EUR,FR,Games,Mobile Games,Ho Chi Minh City,Ho Chi Minh,1562292373,1572963120,1578147120,1
551,Digital Petpals Hard Enamel Pin Collection,"A collection of 90's digital pet nostalgia available as enamel pins, stickers, and more.",1000.0,6.90875477931522,CAD,CA,Art,Digital Art,Montreal,QC,1728395548,1731694009,1734286009,1
1744,"Salto - Captures your every move. VR, AR, film, VFX, gaming","An entire motion capture studio in one wireless suit. Ready to use in less than a minute for gaming, VR, AR, film, VFX, sports etc.",100000.0,11.51293546492023,USD,US,Technology,Wearables,Copenhagen,Hovedstaden,1422611462,1442923160,1445515160,1
1272,Dyani's debut album 'UNDER',The mastered version of a 12-track concept album called UNDER.,3000.0,8.006700845440367,USD,US,Music,Electronic Music,Los Angeles,CA,1567514990,1570990901,1573842101,1
1750,Farm Fest Local Agriculture Festival,"Authentically connecting farmers and DIYers to share stories, resources, & knowledge on agriculture, sustainability, & holistic living",1200.0,7.0909098220799835,USD,US,Food,Farms,Puyallup,WA,1436036132,1438293347,1441749347,1
1488,Behind The Stick Bartending and Cocktail Competition,Bartending/Mixology competition combined with the history of cocktails and spirits,11000.0,9.305741456739437,USD,US,Film & Video,Television,Columbus,OH,1525091704,1525108021,1527700021,0
842,Death on the Homefront - An Interactive Mystery Weekend,A Digital immersive murder mystery weekend packed with activities and a devious plot. Join us for some 1940s British shenanigans.,1600.0,7.378383712996715,GBP,GB,Theater,Immersive,Grimsby,England,1699964956,1702154339,1705408800,1
21,"Fire & Stone: 14 Short Stories of Danger, Daring, and Magic","Fourteen authors, fourteen stories, all sharing the motifs of fire and stone, all suitable to be read aloud to the family.",6000.0,8.699681400989514,USD,US,Publishing,Fiction,Louisville,KY,1766092651,1769551360,1771365760,1
466,Canela y Miel: Permanent Jewelry with Timeless Elegance,Join us in creating a permanent jewelry experience that sparkles for life.,4500.0,8.412054873292933,CAD,CA,Fashion,Jewelry,Toronto,ON,1736435630,1737071013,1742251413,0
150,Spy Smasher™ and Hop Harrigan™ In: Operation Paperclip,An animated adventure based on the original short story from Public Domain Super Heroes.,40000.0,10.59665973278358,CAD,CA,Film & Video,Animation,Prescott,ON,1757725415,1759178130,1761969540,0
1864,QRD - The Guitarist Interviews,An ebook collecting in depth interviews with over 150 guitarists & a compilation of guitar music from experimental to classical.,200.0,5.303304908059076,USD,US,Music,Indie Rock,Raleigh,NC,1391128897,1391612197,1394204197,1
1406,"Bequest Connection, LLC",A bequest fundraising platform for organizations without large donor bases to develop a viable bequest fundraising program.,75000.0,11.225256725762891,USD,US,Technology,Web,Frederick,MD,1537999370,1541374238,1546558238,0
1539,First Fleet: NASA's Space Shuttle Program 1981-1986,First Fleet is an enduring photographic portrait of the early years of  NASA's Space Shuttle programs. Daylight Books fall 2018.,16000.0,9.680406499268877,USD,US,Photography,Photobooks,Columbus,OH,1505171817,1509303229,1512331200,1
26,Wiivor AI Website Builder That Creates Sites Instantly.,Create stunning websites in seconds using AI with simple plug-in tools and a future AI-powered backend to grow your business.,3000.0,8.006700845440367,SGD,SG,Technology,Apps,Singapore,Central Singapore,1762757688,1768224845,1770816845,0
434,Starlit Sakura Ita Bags,Fund the Starlit Sakura Ita Bags! Shoulder/Backpack Ita Bags with embroidery details in Black and Purple!,3000.0,8.006700845440367,GBP,GB,Fashion,Apparel,Chesterfield,England,1740429077,1741351871,1743940271,1
953,"""Diorama"" på vinyl",Denne kickstarter har til formål at gøre det muligt at få trykt mit andet studie album på vinyl. Jeg håber du vil hjælpe.,25000.0,10.12667110305036,DKK,DK,Music,Indie Rock,Nyrup,Sjaelland,1660917054,1664519576,1667197976,1
1751,Scottish Scented Candle Company,"Serenity by Jen is a small business start up making quality, speciality scented candles.",250.0,5.5254529391317835,GBP,GB,Crafts,Candles,Aberdeen,Scotland,1439149434,1439152059,1441744059,0
712,The Love Symbol Brooch : a homage to Prince!,A small and discreet plated brass pin - a great way to show your love and support for the Purple One!,500.0,6.2166061010848646,GBP,GB,Fashion,Accessories,Belfast,Northern Ireland,1715438588,1715508627,1718100627,0
583,Mynerva Watches C.V.S Founder's Edition,A new Australia-based microbrand with a pioneer timepiece inspired by the human cardiovascular anatomy,15000.0,9.61587214452889,AUD,AU,Fashion,Jewelry,Sydney,NSW,1728212464,1728383819,1732275419,0
549,Urbi: An Interactive Indoor Gardening Station,"Nurture hundreds of plants at home and enjoy the process with the cutting-edge gardening system and an interactive, gamified app.",10000.0,9.210440366976515,USD,US,Technology,Hardware,Wilmington,DE,1710429413,1731416595,1734526995,1
501,The No-Strings Effect: [Wild Wave] Articulated Action Blast!,A laser beam accessory rearranged or disassembled for various action effects. Each part is an effect all its own! Upgrade your figures!,28500.0,10.25769445336048,USD,US,Design,Toys,Nashville,TN,1733930274,1736050959,1739696400,0
708,Buffo | Handmade Buffalo Leather Belt,☑️ Interchangeable buckle ☑️ Unisex ☑️ Handmade ☑️ Full-Grain Buffalo Leather ☑️ Customizable ☑️ Delivery in July 2024,1000.0,6.90875477931522,EUR,NL,Fashion,Accessories,Leiden,South Holland,1708877804,1717015792,1718225392,1
1173,Luxury Furniture Self Clean Litter Box,Furniture & Environmentally friendly Self Clean Litter box with bad smell removal system,500.0,6.2166061010848646,EUR,DE,Technology,Robots,Munich,Bavaria,1592762086,1594930305,1597522305,1
700,Totally Awkward (my next album),"Upbeat songs about bureaucracy, lobsters, toxic masculinity, and awkwardness.",1750.0,7.467942332285852,USD,US,Music,Blues,Providence,RI,1717257240,1717627232,1719441632,1
1655,EMSPOCUS: The Shirt!,"We've had multiple requests on social media, and now it's happening: EMSPOCUS T-shirts!",100.0,4.61512051684126,USD,US,Publishing,Academic,Lincoln,NE,1471302586,1471462412,1473915600,1
1394,Scheherazade,"An immersive ballet adaptation of Rimsky-Korsakov's Scheherazade featuring emerging dancers, symphonic orchestra and mentored musicians",10000.0,9.210440366976515,AUD,AU,Dance,Performances,Nowra,NSW,1544687172,1544855401,1550039401,0
741,MEMORY ROOM: A SHORT FILM,We hit our 30K Goal early- we're now aiming for 40K to help better compensate crew. So any donation will still go a long way!,30000.0,10.308985993422082,USD,US,Film & Video,Shorts,Astoria,NY,1701651802,1713367459,1715959459,1
1627,Jacob Spike Kraus's Sophomore Album,"An album of new age Jewish music that invigorates and inspires us, aimed at engaging a whole new generation of Jewish leaders.",15000.0,9.61587214452889,USD,US,Music,Faith,Astoria,NY,1481478247,1481938902,1484787600,1
1079,The Recipe Film,"A short, psychological horror film starring Ashlynn Yennie.",25000.0,10.12667110305036,USD,US,Film & Video,Horror,Los Angeles,CA,1553297888,1624370236,1626962236,1
288,Stella - Duality,Too divine for hell. Too wild for heaven.,450.0,6.111467339502679,EUR,IT,Photography,People,Vizzola Ticino,Lombardy,1748500522,1751170597,1752984997,1
1281,GLEIM EP - CD-Release,"Die neue EP ""GLEIM"" steht kurz vor dem Release.
Der Plan ist es 100 limited CD's pressen zu lassen. Dafür brauche ich Unterstützung!",150.0,5.017279836814924,EUR,DE,Music,Electronic Music,Berlin,Berlin,1570213908,1570294748,1572022748,1
1904,"Monaco PV: Return Voyage to Black Rock City, Burning Man",All hands on deck!  The Burning Man Frigate Monaco PV is preparing for her return voyage to Black Rock City.,5000.0,8.517393171418904,USD,US,Art,Sculpture,Alameda,CA,1370925542,1371763821,1374355821,1
528,Meet The Adaptchula™ Spatula AND The Nottadrip™ Utensil Rest,The worlds first adaptive spatula and the worlds first serving station and utensil rest!,5000.0,8.517393171418904,USD,US,Design,Product Design,Kennewick,WA,1729704440,1733852165,1737266400,1
1339,The Rise Of An Autistic Artist,"This Project Is To Help With My Marketing And Equipment Expenses.
Features, Mixtapes, Promo Campaign, Magazines , Etc",50000.0,10.819798284210286,USD,US,Music,Hip-Hop,Richmond,VA,1557283975,1557285044,1559877044,0
163,Addicted To Oxytocin: The Empowering Lingerie Gift Box,Born from love. Made for women. Dedicated to strength.,2500.0,7.824445930877619,USD,US,Fashion,Apparel,Las Vegas,NV,1758414616,1758664135,1761256135,0
1260,Sticks Shift Incorporated,"An audio drama fantasy and mystery podcast about life, death, and capitalism.",80.0,4.394449154672439,CAD,CA,Publishing,Radio & Podcasts,Vancouver,BC,1572834960,1572981086,1577846880,1
459,Prince of Roses,"A frigid Mörk Borg compatible adventure, set in the frozen peaks of Kergüs.",2000.0,7.601402334583733,USD,US,Games,Tabletop Games,Minneapolis,MN,1726941670,1739925016,1742513416,1
1479,We Made A Classic!,"A re-release of my current project “Mixtape Gawdess”. With the right amount of money behind this project, it can be one of the best yet",2500.0,7.824445930877619,USD,US,Music,Hip-Hop,Baltimore,MD,1526923092,1526966324,1529510100,0
1459,Free Elvish Lessons at the Realelvish Academy,"I am making a free Neo-Sindarin class for beginners, as well as doing other improvements to the free content of Realelvish.net.",1200.0,7.0909098220799835,USD,US,Publishing,Academic,Missoula,MT,1531077012,1531247598,1533839598,1
159,"RIZVOL: Quiet Luxury, Reimagined","Our vision is to build a future where every stitch, every seam, and every button tells a story - one that stretches across continents",5000.0,8.517393171418904,USD,US,Fashion,Apparel,New York,NY,1758647719,1758899983,1761491983,0
1929,Divorcing Jesus Webseries,A guy accidentally gets Jesus in his heart and is forced by his girlfriend and roommate to seek help in order to remove him :),700.0,6.55250788703459,USD,US,Film & Video,Webseries,Los Angeles,CA,1354666994,1354826761,1355325780,1
579,Fun with Flags : Learn them all in an Evening,Fun memory aids to help you learn the flags for every single country in the world.,200.0,5.303304908059076,GBP,GB,Publishing,Zines,Tewkesbury,England,1728851075,1730240967,1732404567,1
1683,Bagatelle: Help Make an Art Film,A visionary art-house film that explores humanity and pushes the boundaries of narrative filmmaking,35000.0,10.463131911491969,USD,US,Film & Video,Narrative Film,Houston,TX,1457024043,1460444140,1464332140,1
1017,Obscura: Gallia's cinematic metal album,Help cinematic metalband Gallia create their epic full length album: Obscura.,6800.0,8.824824939175638,EUR,BE,Music,Metal,Limburg,Liege,1644829338,1646625668,1650078068,1
210,ARTRÓPODOS,Fashion Film,25000.0,10.12667110305036,MXN,MX,Film & Video,Experimental,Guadalajara,Jalisco,1754870949,1755109469,1758434340,1
839,Investing Town,Real game-changer that will allow you to learn to invest in a safe and attractive environment,30000.0,10.308985993422082,GBP,GB,Games,Mobile Games,Edinburgh,Scotland,1697012734,1704064411,1706656411,1
404,MONRO URBAN ADVENTURE - A Trio of Integrated Sports Watches,"""The Most Impressive Affordable Watch of 2025"" Limited to only 100 units per model. Automatic, Skeleton and Mechaquartz Chronographs.",10000.0,9.210440366976515,GBP,GB,Design,Product Design,London,England,1738743845,1743505144,1746097144,1
1352,New Ben Noble Album!,I'm recording my second full-length album. It's almost done but I need your help to finish it right!,4500.0,8.412054873292933,USD,US,Music,Indie Rock,Minneapolis,MN,1552341681,1556073210,1558126800,1
56,Der letzte sichere Ort deiner gedanken,Keine Cloud. Kein Social. Deine Zeitmaschine für die Hosentasche. Local-First AI,3000.0,8.006700845440367,EUR,DE,Technology,Apps,Deutsch,Saxony-Anhalt,1765095800,1765511075,1768103075,0
943,HE COMES TO KILL,HE COMES TO KILL is a slasher micro feature film that follows the killer Stanley Elk as he returns home.,250.0,5.5254529391317835,USD,US,Film & Video,Horror,Knoxville,TN,1666461345,1666467645,1668631245,1
504,Pocket knife. Sharp fixed blade. Custom made EDC -Toucan,"A knife of uncompromising quality with a unique design, created with professional craftsmanship by the hands of a master.",2222.0,7.706612913964197,PLN,PL,Design,Product Design,Katowice,Silesian,1730479403,1736950302,1739628702,1
960,Finally Some New Holiday Songs A parody Christmas album,Finally Some New Holiday Songs Is a fun parody Christmas album which takss popular songs and turns them into REAL LIFE holiday songs,12000.0,9.39274525863144,USD,US,Music,Comedy,Parma,OH,1663696666,1664141294,1666301294,0
149,Corviticus University: The Cursebound Collector’s Editions,"Magic is deadly. Love is dangerous. Relive every kiss and curse in deluxe hardcovers with foil, edges, and collector finishes.",4000.0,8.294299608857235,CAD,CA,Publishing,Fiction,Calgary,AB,1752010047,1759845614,1761969540,1
1844,The Milton-Park Story: a battle for low-rent housing,How a Montreal community took on a corporate land developer and created one of the largest housing co-operatives in Canadian history.,2000.0,7.601402334583733,CAD,CA,Journalism,Journalism,Montreal,QC,1400634947,1404179416,1406865540,1
1878,"Abandin Pictures' Debut Album ""Who Killed The Dinosaurs""",A blend of textured guitar driven harmonies topped with swaying melodies and driving rhythms branching into experimental territory.,4500.0,8.412054873292933,USD,US,Music,Indie Rock,Denver,CO,1383253094,1384884922,1387349940,1
1133,River News: Social News Network,"A social media news application designed for anyone to share the news or a new way to ""stream"" the news",700000.0,13.45883704259595,USD,US,Journalism,Web,Baltimore,MD,1591134753,1602804368,1607991968,0
304,The Windmills Of Your Mind,Where does the stage end and reality begin?,1000.0,6.90875477931522,AUD,AU,Film & Video,Shorts,Sydney,NSW,1747360005,1749522337,1752114337,1
864,Utopians,A photobook about visionary people by Felix Lammers and Yasmin Heinz,17800.0,9.787009914477434,EUR,DE,Photography,Photobooks,Berlin,Berlin,1687100189,1694770758,1698145200,1
4,Slam Frank Original Cast Recording,"A brand new Anne Frank hip hop musical (""2025 Best Comedy"" - NY Times) is recording an album after a smash hit developmental NYC run.",30000.0,10.308985993422082,USD,US,Theater,Musical,New York,NY,1764974224,1770123547,1772715547,1
976,Reclaim the South: The Untold Story of Southern Identity,This photobook will highlight the unconventional and untold stories of the marginalized identities in the South,5000.0,8.517393171418904,USD,US,Photography,Photobooks,Mobile,AL,1660334669,1660422925,1663014925,0
1796,Dream Dodger,Dream Dodger is a running game about an old man dreaming that he's trying to escape a retirement home.,6000.0,8.699681400989514,USD,US,Games,Mobile Games,Miami,FL,1417543439,1417799932,1420391932,1
548,KAYUSO Quick Defrosting Box:Rapid Restore to Freshest Flavor,Fastest Defrosting | Plasma Locking Freshness | UVC Antibacterial Protection |Eliminate acidity and odor,20000.0,9.90353755128617,HKD,HK,Technology,Gadgets,Hong Kong,Hong Kong Island,1726810381,1732107607,1734699607,1
613,Freeze the Fall... Let's Go Vinyl!,Chasing dreams with limited edition first press vinyl of THRONES and taking it further and farther from home... in style!,7500.0,8.922791623969637,CAD,CA,Music,Rock,Kelowna,BC,1726110049,1726838427,1729430427,1
420,Square RPG Puzzle Tiles - SEASON 2,"Complete sets of RPG tiles, optimized for quick and hassle-free printing on FDM 3D printers.",300.0,5.707110264748875,USD,US,Games,Tabletop Games,Miami,FL,1742660087,1743642415,1745024815,1
1603,Game Over,"When a hopeless stag party goes on a mock zombie survival weekend, an unfortunate turn of events leave them fighting for their lives.",5000.0,8.517393171418904,GBP,GB,Film & Video,Horror,Greater London,England,1490027949,1491169393,1493761393,1
614,PAWCOBABY pet parent-child pajamas series,"Launched a successful crowdfunding campaign to design simple and comfortable parent-child pajamas for pets and owners, creating a high-",30000.0,10.308985993422082,HKD,HK,Fashion,Apparel,Hong Kong,Hong Kong Island,1723102688,1724140946,1729324946,0
599,CNC Machining: Your Complete Course,"Explore CNC Machining with detailed lessons, real-world projects, and personalized coaching from experienced professionals",5000.0,8.517393171418904,USD,US,Technology,Fabrication Tools,New York,NY,1714825472,1728385189,1730980789,1
1637,My Irnik (My Son),"A young father teaches his son about the value of shared adventures, exploration and his ancestral Inuit heritage.",3000.0,8.006700845440367,USD,US,Film & Video,Narrative Film,Kuujjuaq,QC,1477584003,1478551543,1481143543,1
1363,The Only Decision That Counts,A 15 year-old boy wants to be a disc golf professional and must learn that it's all about the follow-through in both disc golf and life,10000.0,9.210440366976515,USD,US,Film & Video,Drama,Tallahassee,FL,1550010038,1552658918,1555855718,1
1850,On the Borders of War,Young Syrians fight for freedom from afar - a three-part reporting series for The Seattle Globalist.,1798.0,7.494986233950533,USD,US,Journalism,Journalism,Seattle,WA,1402437305,1403833428,1405302228,1
1525,US National Politics,A non-profit non-biased news source bringing you important political updates created and run by a 15 year old,100.0,4.61512051684126,USD,US,Technology,Web,Washington,DC,1513897810,1513962770,1514955600,1
1906,ARAIG  -  As Real As It Gets,A multi-sensory feedback suit to experience the next level of gaming. Finally you get to feel what you’ve only been able to see.,900000.0,13.71015115341694,USD,US,Games,Gaming Hardware,Port Hope,ON,1364437796,1369972991,1372564991,0
697,Iress is going to the UK... but we need your help!,We are beyond grateful for this beautiful opportunity to tour overseas and meet our UK fans but its not as easy as we thought.,5000.0,8.517393171418904,USD,US,Music,Rock,Los Angeles,CA,1712610665,1717599504,1720191504,1
496,Only a Number,A poetic documentary discovering how Windermere helped 300 young Holocaust survivors recover from their trauma.,3000.0,8.006700845440367,GBP,GB,Film & Video,Documentary,Windermere,England,1734774878,1734949386,1739969940,1
699,Islario,Atlas of Islands (1500-1800),1600.0,7.378383712996715,EUR,ES,Publishing,Nonfiction,Guardo,Castille and Leon,1718121696,1718298248,1720026248,1
1548,The Boy,"My name is marleey marr aka marr marr im an Independent music artist out of Atlanta, Ga trying to rise capital for my project.",2500.0,7.824445930877619,USD,US,Music,Hip-Hop,Atlanta,GA,1510074087,1510080050,1511376050,0
808,When Shadows Creep,Weird Tales of London,500.0,6.2166061010848646,GBP,GB,Publishing,Fiction,London,England,1707409625,1707571975,1710163975,1
668,Jumbo & Mini ITA Messenger Bags,Pin collecting ITA Messenger Bags for everyday use. Fits tablets & 16” Laptops.,4500.0,8.412054873292933,USD,US,Fashion,Accessories,Houston,TX,1720816865,1721707482,1723003482,1
578,C.H.A.O.S.!,"It's villain vs villain in Whiskeyjack Toys' newest action figure line! Fortify your 3 3/4"" bad guy ranks with the worst of the worst!",50000.0,10.819798284210286,USD,US,Design,Toys,Olive Branch,MS,1725498881,1729612675,1732424400,0
536,Frame-Touch,A beautiful wooden enclosure that adds touch functionality and an integrated wallmount to your TV.,7000.0,8.853808274977197,EUR,NO,Games,Tabletop Games,Molde,More og Romsdal,1663236827,1733460786,1736484786,1
156,The Fabric of Her Freedom,Where Oppression Ends and Expression Begins,10000.0,9.210440366976515,USD,US,Fashion,Couture,Los Angeles,CA,1753491019,1756455253,1761639253,0
927,5th Line Emergency Pack,Helps move critically wounded patients more efficiently and affectively,15000.0,9.61587214452889,USD,US,Technology,Wearables,Dover,NH,1667938233,1668705704,1673889704,0
866,RPG Maps - Halloween maps for the Shiver-seekers,High-resolution Halloween maps. Everything essential for a spine-chilling adventure! Commercial usage right included.,125.0,4.836281906951478,EUR,NL,Games,Live Games,Manchester,England,1693464410,1695736918,1697551318,1
456,The Crimson Pack Omnibus Special Edition by A. Lonergan,"A thrilling paranormal romance trilogy featuring a fierce heroine, a morally gray love interest, and an unforgettable found family.",1500.0,7.313886831633462,USD,US,Publishing,Fiction,Denham Springs,LA,1732227863,1739974855,1742563255,1
636,Dress-up doll with Corgi,For those who are thinking about buying a gift for a little girl!!!,500.0,6.2166061010848646,HKD,HK,Crafts,Crochet,Hong Kong,Hong Kong Island,1722070655,1723685347,1726709347,1
29,Letters To The Other Side - Niovel's New Album on CD,"The Symphonic Metal Quest continues! Get our new album on CD, a handwritten lyric card, and a black tote bag to carry your sorrow.",1500.0,7.313886831633462,EUR,DE,Music,Metal,Linz am Rhein,Rhineland-Palatinate,1768133888,1768158960,1770656400,1
896,CURVE: Half-Moon Marble Watch,No Two Watches Look Alike. Every Dial is Different.,15000.0,9.61587214452889,USD,US,Design,Product Design,San Diego,CA,1654024641,1684171785,1686985140,0
1812,Hooke: Wireless 3D Audio Headphones,Bluetooth headphones with a twist - listen to your favorite music AND capture 3D Audio. Hear and capture your world in a whole new way.,100000.0,11.51293546492023,USD,US,Technology,Wearables,Brooklyn,NY,1405211064,1412077535,1414669535,1
1908,Dream Jumpers,Journey through nightmarish realms battling hordes of strange creatures in this cooperative action game for iOS and Android.,5000.0,8.517393171418904,USD,US,Games,Mobile Games,Phoenix,AZ,1366914275,1367959793,1370551793,1
1259,A Global TV Network Celebrating the Plant-Based Lifestyle,"A 100% plant-based lifestyle and entertainment TV network featuring plant-based shows without meat, dairy or drug commercials",35000.0,10.463131911491969,USD,US,Film & Video,Television,Charlotte,NC,1566351529,1575271875,1577863875,0
932,ChiChi - Elegant Dog`s Wear and Accessories,"""Since we took their wildness from dogs, let them be classy at least""",5000000.0,15.424948670398354,PLN,PL,Fashion,Pet Fashion,Poznan,Greater Poland,1666337369,1666349424,1671537024,0
1215,World’s Only UV-C LED Sanitizing Phone Case,Guard you against germs and bacterias.,250000.0,12.429220196836384,HKD,HK,Technology,DIY Electronics,Hong Kong,Hong Kong Island,1583349159,1583772608,1588956608,0
116,THE COLLECTOR’S EDITION: REBEL HARDCOVER 4-BOOK ANTHOLOGY,Four breathtaking 1st-edition hardcovers encompassing 17 bestselling novels. One unstoppable urban-fantasy phenomenon.,1200.0,7.0909098220799835,USD,US,Publishing,Anthologies,Hillsboro,OR,1762230874,1762528394,1763737994,1
448,The Argo Zirconia Ceramic Cutter: Super safe for all,"Ideal for cutting away burrs on plastic models and so on, the ceramic blade means you won't cut your hand and doesn't cut too deep!",200000.0,12.206077645517674,JPY,JP,Crafts,DIY,Tokyo,Tokyo Prefecture,1730258160,1739271585,1743173940,1
1044,A Human Capital Star - Civic Education Thought Initiative,A Frederick Douglass Thought Leadership Training using the Gifted & Magical 95 Percent Series,400000.0,12.899222326086994,USD,US,Journalism,Web,Washington,DC,1637806351,1638363742,1643432340,0
1366,Faux Paws Divine Evolution,"Expanding the Faux Paws sock line to include a wider variety of colors, inspired by the Gods and Goddess of mythology.",2000.0,7.601402334583733,USD,US,Fashion,Footwear,Provo,UT,1551034146,1553273132,1555221540,1
1597,El Balcón de Jean Genet Dir. Martín Acosta CasAzul 2017,Estamos apunto de graduarnos con esta puesta en escena y con tu ayuda lograremos que esta producción se haga realidad.,20000.0,9.90353755128617,MXN,MX,Theater,Immersive,Mexico City,Distrito Federal,1496021409,1496257636,1497502740,1
393,Secure Your Bag in Style with Handcrafted Japanese Leather,"Struggling with slipping bags? torogi’s Oil Dakota leather＆antique gold hardware offer a stylish, durable solution for seamless travel",200000.0,12.206077645517674,JPY,JP,Design,Product Design,Osaka,Osaka Prefecture,1730956780,1742900449,1746788449,1
286,BG3 Baldur's Gate 3 Fan Created Astarion Metal Bookmark,"Fan-made Astarion metal bookmark from Baldur’s Gate 3, designed by artist CiaochanCici and produced by Half-Meow Studio",3200.0,8.071218539969863,SEK,SE,Fashion,Accessories,Stockholm,Stockholm,1719302936,1750267766,1753291766,1
675,"🧸 Arlo the baby bear Plushie, Keychains, Pin & more🧸","Meet Arlo, a charismatic little soft bear that will be your friend! A 12cm plushie, keychains, enamel pin, stickers & more...",200.0,5.303304908059076,EUR,ES,Art,Textiles,Barcelona,Catalonia,1713458136,1719921715,1722340915,1
1086,Hexsaw Brick Puzzle,"A double-sided 450-piece puzzle, framed and in a stand",25000.0,10.12667110305036,EUR,DE,Games,Puzzles,Osnabruck,Lower Saxony,1621530182,1621712433,1624304433,0
652,"Big Ole Day at the Zoo, a Kids Sing-A-Read-Along!","Our 3rd kids book written as a song, with a QR code to bring up the song to read along to! Help kids learn to read through music!",4000.0,8.294299608857235,USD,US,Publishing,Children's Books,Nashville,TN,1721077511,1722513787,1725105787,1
1903,Plantae: Chalcitis lucidus,"Come join me in discovering and experiencing a new species of plant, and be reminded of the vast wonders of our planet.",1500.0,7.313886831633462,USD,US,Art,Sculpture,Santa Barbara,CA,1371102337,1372784039,1375376039,1
1940,Divine Feminine Art Project: Burningman 2012 Fertility 2.0,Temple of the Divine Feminine.  A 20' steel tower covered in shimmering gold fabric.  Climb ladders inside and emerge as the goddess.,3000.0,8.006700845440367,USD,US,Art,Sculpture,Black Rock City,NV,1334768348,1339801299,1344985299,1
790,«Tous pour Un» : un livre sur le ministère de la femme,Notre livre défend le point de vue biblique du ministère des femmes dans l'Église et un accès égalitaire pour les hommes et les femmes.,5000.0,8.517393171418904,CAD,CA,Publishing,Nonfiction,Quebec,QC,1707923149,1709904647,1711943940,1
356,Goplay: Heirloom Toy Cars Built to Last,Locally crafted wooden toy cars designed for generations of enjoyment.,50000.0,10.819798284210286,USD,US,Design,Product Design,Cleveland,OH,1662432291,1746122407,1748714407,0
543,TechPumpster: Power Up Your Cycling Journey,Digital display/Fast charging/compact high-end design,20000.0,9.90353755128617,HKD,HK,Technology,Gadgets,Hong Kong,Hong Kong Island,1730871817,1732626198,1735218198,1
1270,tiSVAgo-make your holidays,"book & pay with a simply drag&drop.
5 languages.
Location, Experience, Shuttle, Restaurants,Typical Products.
START YOUR TRIP IN ITALY!",62000.0,11.034905792929417,EUR,IT,Technology,Web,Catanzaro,Calabria,1570357490,1571314945,1574774545,0
768,Watashi No Nihongo N4 - 私の日本語 N4,"Tras el éxito de 「私の日本語N5」, os traigo la continuación. Más, mejor, ¡y más difícil! Ve a por el examen oficial de japonés ""NOKEN 4""",19700.0,9.888424674859085,EUR,ES,Publishing,Academic,España,Madrid,1704718810,1709204406,1713736740,1
1801,PRO DRYBAG 45L - 100% Waterproof (50m/164ft),We aim to develop the most extreme sport bag available in the market and choose to not compromise on any materials or functions!,15000.0,9.61587214452889,AUD,AU,Technology,Wearables,Sydney,NSW,1403616915,1413806870,1418994470,1
1692,Scalpel Jones - A Titanium EDC Scalpel / Utility Knife,An every day carry utility scalpel made in the USA of grade 5 titanium. Great for all occasions.,2000.0,7.601402334583733,USD,US,Technology,Fabrication Tools,Hopatcong,NJ,1454706067,1458400645,1461856645,1
520,TULIPE WATCHES ITALY - NEW MODELS 2025,I nuovi modelli 2025 hanno design ispirati al vintage ma con materiali e soluzioni tecniche moderne,50000.0,10.819798284210286,EUR,IT,Fashion,Jewelry,Riccione,Emilia Romagna,1734188288,1734530377,1738321200,0
805,The Planar Codex (5e),"A Player-Based Sourcebook for D&D 5e taking your characters across the planes. 108 subclasses, 18 playable species, spells and more.",10000.0,9.210440366976515,USD,US,Games,Tabletop Games,Richmond,TX,1694838841,1707843620,1710432020,1
264,The Artisan Author: Escape the Self-Publishing Rat Race,"You dreamed of being an author ... until Rapid Release turned it into a low-profit, high-stress grind. Here's your ticket to freedom.",2500.0,7.824445930877619,USD,US,Publishing,Nonfiction,Austin,TX,1744038064,1752591605,1755183605,1
1860,"Record ""High Noon Over Camelot""","Help storytelling space-pirate nine piece The Mechanisms record their third studio album ""High Noon Over Camelot"".",2500.0,7.824445930877619,GBP,GB,Music,Indie Rock,Oxford,England,1389478795,1392481474,1396821600,1
451,Sinful Suits,"Demonic Playing cards, pins, and ita bag",1000.0,6.90875477931522,USD,US,Art,Art,Longmont,CO,1736355951,1740506402,1743094802,1
1432,"First, Do No Harm: An immersive theater experience at RMC","Bringing the arts into Rose Medical Center, First, Do No Harm is  an intimate journey about personal loss, love, life and death.",7500.0,8.922791623969637,USD,US,Theater,Immersive,Denver,CO,1530363730,1537305656,1539897656,1
1297,Squishly.io,A platform for sharing interesting content found around the internet.,10000.0,9.210440366976515,USD,US,Technology,Web,Rochester,NY,1565122312,1565128241,1567720241,0
918,Mobiles and Laptops Technician Institute,Want to Build Mobile and Laptops Repairing center,49000.0,10.799595985047786,GBP,GB,Technology,DIY Electronics,Multan,Punjab,1678235583,1678476677,1680309540,0
1824,Jaha: The Most Affordable Fitness Band That Motivates You,"Be a part of the ""Fitness For All"" revolution with a fun, motivational app and the most affordable fitness band in the market.",25000.0,10.12667110305036,USD,US,Technology,Wearables,Los Angeles,CA,1407736156,1409060310,1411652310,1
212,waku-ctl - The open source water cooling controller,Set your water cooling loop free from BIOS profiles and proprietary software,10000.0,9.210440366976515,EUR,DE,Technology,Hardware,Berlin,Berlin,1753562558,1755636960,1758228960,0
120,Children of the Elder Sign,"You are a demigod, child of a Lovecraftian deity, and everyone wants you dead.",500.0,6.2166061010848646,USD,US,Games,Tabletop Games,Dwight,NE,1705110495,1761884281,1763186460,1
558,Pokémon - Eeveelution Chibi Enamel Pins,Super cute and kawaii hard enamel pins to display on any bag or pin board,300.0,5.707110264748875,AUD,AU,Art,Digital Art,Melbourne,VIC,1728860295,1731186599,1733790180,1
103,Doctor Helmet H2: Because Great Rides Deserve Clean Ends,"Dry, Deodorize & Disinfect in One Touch | Smart 55°C Control | Ozone Sterilization | Universal Fit for All Helmets",10000.0,9.210440366976515,HKD,HK,Technology,Hardware,Hong Kong,Hong Kong Island,1758006036,1761902809,1764498409,1
506,Bake It Happen: Support Mr. Cory’s Cookies!,From the cookie trap house to the top shelf—let’s make these cookies happen!,6000.0,8.699681400989514,USD,US,Food,Small Batch,Englewood,NJ,1736201308,1736875317,1739467317,0
1707,Help fund the printing of Joakim Hansson's first album!,"I recorded for more than a year. Found a great label with online distribution. And of course, i want to release it as CD & Vinyl also.",2500.0,7.824445930877619,EUR,DE,Music,Country & Folk,Berlin,Berlin,1455141429,1455142546,1457734546,1
435,Night of the Living Fish,A 2D animated student film about how a boy’s plans to resurrect his beloved pet fish backfire,200.0,5.303304908059076,GBP,GB,Film & Video,Animation,Falmouth,England,1738523181,1738693834,1743877834,1
1293,WORKING FLAKES ||| Work Together,#supportweirdmusic,5000.0,8.517393171418904,USD,US,Music,Indie Rock,New York,NY,1565023550,1566328728,1569187920,1
1590,"""The Great Chicago Fire"" - a short comedy about heartbreak",A modern private detective tries to solve two cases - The Great Chicago Fire and why his girlfriend broke up with him.,1500.0,7.313886831633462,USD,US,Film & Video,Narrative Film,Chicago,IL,1496512318,1499374424,1500142140,1
663,Learn how to build a SaaS boilerplate that ship fast,"The boilerplate with all the components you need to build and ship your startup in days, not weeks.",1008.0,6.9167150203536085,AUD,AU,Technology,Web,Melbourne,VIC,1719803850,1721136865,1723901665,1
1710,Ferdinand the Bull - First Full-length Album,Hi everyone! We're Ferdinand the Bull and we're a Folk/Americana band from Pennsylvania.  We need your help to put out our first album!,1500.0,7.313886831633462,USD,US,Music,Country & Folk,Pittsburgh,PA,1454300457,1454314152,1456906152,1
1574,The Last of the Hill Farms: Echoes of Vermont's Past,"A black and white photography book by renowned photographer Richard W. Brown, documenting the vanishing culture of Vermont's hill farms",10000.0,9.210440366976515,USD,US,Photography,Photobooks,Peacham,VT,1496059891,1501682048,1505336400,1
1618,Learning Gardens Reader Launch,Stylish booklet to celebrate decentralized learning through community building. Funds will go towards our grants program!,600.0,6.398594934535208,USD,US,Publishing,Academic,Los Angeles,CA,1484635422,1485620019,1488212019,1
701,Pet Tag That Resembles Your Dog,Over 40+ original dog breed designs. Pet Tag that shows the cuteness of your dog. Custom Options. Free Dog Lover stickers.,1000.0,6.90875477931522,CAD,CA,Fashion,Pet Fashion,Montreal,QC,1703733157,1716814821,1719406821,1
1033,Boerne Escape Rooms,An exciting and creative Escape Room founded by husband and wife,7000.0,8.853808274977197,USD,US,Games,Puzzles,Boerne,TX,1641519419,1643678396,1646270396,0
1982,FATHOMS - an animated sci-fi film with heart,"Help us complete this beautiful and haunting portrait of life after land. The suspense, mystery, and struggle unfolds in FATHOMS!",7500.0,8.922791623969637,USD,US,Film & Video,Animation,Brooklyn,NY,1305831603,1309223463,1311815463,1
638,The Harness for Adventure-Seeking Dogs,"Empowering Every Adventure: The Harness Designed by a Trainer, Inspired by Nature",3500.0,8.160803920954665,GBP,GB,Fashion,Pet Fashion,Lancashire,England,1723872285,1723920852,1726512852,0
58,Commander Crucible: A MTG Commander deck AI assistant,"Helps you every step of the way building any and every deck you want, I just wish I could figure out how to get it to sleeve cards.",2000.0,7.601402334583733,USD,US,Games,Playing Cards,Huntsville,AL,1763589552,1765254961,1767846961,1
910,Ulfhednar's Next Album,"Ulfhednar has great plans for the near future. But we need YOU, our WarMachine, in order to help us accomplish them.",1000.0,6.90875477931522,CAD,CA,Music,Metal,Montreal,QC,1677701099,1678229033,1682910000,1
12,The World’s First Measuring Tape Productivity Lifehack,Affordable. Practical. Intuitive. Make life easier for your next DIY project with these clip-on measuring tape markers.,500.0,6.2166061010848646,USD,US,Design,Product Design,New York,NY,1764746982,1769493715,1772172000,1
1333,"Josh Woodward: ""The Shade from Our Trees""",My newest album is finally here!,1.0,0.6931471805599453,USD,US,Music,Indie Rock,Ann Arbor,MI,1559575163,1559750158,1560959758,1
105,TumblFit,"Video-on-Demand, Expert-Led Training Designed to Build Strength, Improve Tumbling Skills, and Prevent Injuries",15000.0,9.61587214452889,USD,US,Film & Video,Action,Miami,FL,1745546397,1761663603,1764259203,0
1656,Companions: A sci-fi radio romance.,"In a future where some people live alone on far-flung space stations, any contact with another human being is precious.",400.0,5.993961427306569,USD,US,Theater,Immersive,Chicago,IL,1472078384,1472474978,1473770978,1
1387,Debut EP Project - Postproduction,Debut EP Project,600.0,6.398594934535208,USD,US,Music,Pop,Nashville,TN,1548103228,1548637673,1551229673,1
1277,Night of Art Fundraiser,A premiere fundraising show to launch Expressions Performance Academy.,1000.0,6.90875477931522,USD,US,Dance,Performances,Muncie,IN,1562711679,1570465872,1572580800,0
1523,The Man in the Field,"Tom, who is abused by his mother runs to a field where he seeks the advice of a kindly stranger, Clarkson.",850.0,6.7464121285733745,GBP,GB,Film & Video,Horror,Norfolk,England,1512401023,1513851558,1515406758,1
723,Storyteller: A Tanith Lee Tribute Anthology,"Influenced & Inspired. New stories by Terri Windling, Martha Wells, Nisi Shawl, Theodora Goss, C.S.E. Cooney & more.",8000.0,8.987321812850125,USD,US,Publishing,Anthologies,Northampton,MA,1697216556,1715097644,1717214340,1
1364,The Lone Socks: Selling One Sock at a Time,"Creating 5 unique designs to mismatch your own socks, replace lost ones, or simply buy a matching pair! The options are all yours.",12000.0,9.39274525863144,USD,US,Fashion,Footwear,Chicago,IL,1521138011,1553525984,1555513184,1
1188,Cloud Computing E-Degree,"Become a Cloud Computing Professional and master the concepts of Computation, Container, Storage and Database services and more.",4000.0,8.294299608857235,USD,US,Technology,Web,Orlando,FL,1589295120,1589643065,1594827065,1
1064,Sybil | The smart garden robot powered by machine learning,"Automatically plants, seeds, weeds, maps and loves your garden.",8800.0,9.082620630373812,USD,US,Technology,Robots,Sebastopol,CA,1627755780,1628287277,1633471277,1
311,The Sire: Aftermath Issues 1 & 2,Critically acclaimed comic about a superhero FORCED by his costume to fight evil–or so he thought! Has Sire actually been the bad guy?,1000.0,6.90875477931522,USD,US,Comics,Comic Books,New York,NY,1747769741,1750777295,1751569200,1
1355,Pick Up the Pieces EP,A 5 song EP in which I will lyrically dive into some hard realities of humanity and musically blend the genres of Americana and Rock.,3000.0,8.006700845440367,USD,US,Music,Indie Rock,Bellingham,WA,1554780012,1555293918,1557885918,1
1979,Single Bulb Hero: An animated short film,An outcast desk lamp and a houseful of cleaning appliances must join forces to save a cockroach from extermination.,3000.0,8.006700845440367,USD,US,Film & Video,Animation,Miami,FL,1309214455,1310102889,1312694889,1
1572,"HEXA: Programmable, Highly Maneuverable Robot",Robot + Robotic SDK. Make something cool. Conquer big problems. Enter the era of robotics.,100000.0,11.51293546492023,USD,US,Technology,Robots,San Francisco,CA,1502223450,1502802431,1505394431,1
718,CHEESE! A funny picture book,"Bursting with fun characters, cheesy wordplay and visual humour, CHEESE! is a story that families will enjoy together",3800.0,8.24301946898925,GBP,GB,Publishing,Children's Books,Wantage,England,1708849749,1714381195,1717541940,1
1831,Denver Publishing Institute Dreams: A future for all writers,It has been my dream to break into the publishing industry. This program is run by industry pros for anyone with a BA in English.,7000.0,8.853808274977197,USD,US,Publishing,Academic,Denver,CO,1404845906,1405202831,1410065940,0
1725,Shine: first App control Laser Light Bluetooth Headphones,"Be more than stylish, be visible. Reflect what you’re hearing/feeling in 24 customizable glowing colors with these laser based earbuds.",15000.0,9.61587214452889,USD,US,Technology,Wearables,Dallas,TX,1447702613,1448309872,1450901872,1
1727,CAT Clutch - The Ultimate Evening Bag,"Wearable art on your arm! Our chic bag displays LED pixel art, changeable with a touch of our app, holds lipstick & charges your phone.",20000.0,9.90353755128617,USD,US,Technology,Wearables,Santa Clara,CA,1440974061,1447781664,1450335600,1
1361,Nollym - Le style sans limites,"Nous avons décidé de créer ""Nollym"" pour rappeler à tout le monde que la seule limite au style est votre ésprit !",2500.0,7.824445930877619,EUR,FR,Fashion,Ready-to-wear,Poissy,Ile-de-France,1552032331,1552302498,1556190498,1
1910,HATS FOR CATS,"Cats need hats! It makes them even more adorable and hilarious. Pledge a little money, receive a homemade cat-hat!",100.0,4.61512051684126,USD,US,Fashion,Pet Fashion,East Moriches,NY,1365392474,1366347165,1368939165,1
349,The Bears That Give No Cares,"From the same people that brought you the hit comic, My Nightmarish Little Venomous Ponies, brings you a new exciting adventure!",500.0,6.2166061010848646,USD,US,Comics,Comic Books,Mesa,AZ,1744877537,1747185857,1749000257,1
1699,The Sweet Water Warbler's EP,Michigan songbirds to record their debut EP for release this summer. You're invited to be a part! Join in the fun!,7500.0,8.922791623969637,USD,US,Music,Country & Folk,Nashville,TN,1456797298,1457630403,1460226120,1
1238,"Philanthro-what? Changing the world, together.",It’s not for just for the one percent; it's for everyone committed to enhancing our world.,2500.0,7.824445930877619,USD,US,Journalism,Web,Boston,MA,1580596571,1581687161,1583501561,0
819,Clear Water: A book by Melanie Walby,Inspired by the art exhibit. Publishing 2024.,22925.0,10.040026916674956,USD,US,Design,Typography,Minneapolis,MN,1679161220,1704047965,1709231965,1
1126,"IMPRENDI, il vaccino digitale per le microimprese Italiane",Inizia a gestire il tua impresa con strumenti digitali che ti aiuteranno a soddisfare i clienti e a ridurre gli sprechi.,15000.0,9.61587214452889,EUR,IT,Technology,Web,Busto Arsizio,Lombardy,1602684533,1604414812,1609598812,0
408,The Connemara - Dual Balance Wheel Watch,A watch to encapsulate the expressive spirit of balance.,9156.0,9.122273893107732,EUR,IE,Design,Product Design,Cork,Cork,1740602489,1744131455,1745859455,1
1752,Divine Earth Inspirations,"Inspired by the Divine Earth, the magickal energy within it, and within each of us to reach deep inside and be inspired and create.",3000.0,8.006700845440367,CAD,CA,Crafts,Candles,Brantford,ON,1438803433,1438902203,1441494203,0
1435,Robbie Rozelle's Debut Solo Live Album,"Help Robbie preserve his hit cabaret act ""Songs From Inside My Locker""",17500.0,9.770013301136158,USD,US,Music,Comedy,Manhattan,NY,1536335113,1536516987,1539108987,1
41,Roots & Wings: The Emotional Resilience Adventure,"A powerful collection of books, resources and a digital platform helping children build regulation, confidence, and inner strength.",5000.0,8.517393171418904,GBP,GB,Publishing,Children's Books,London,England,1764332323,1764434455,1769618455,0
606,The Long Way Home Puzzle Box,3D Printable STL Files for the Puzzle Box. Includes assembly instructions and .3mf slicer setup files.,200.0,5.303304908059076,EUR,SI,Games,Puzzles,Zagorje Ob Savi,Zagorje Ob Savi,1725185505,1727516191,1730108191,0
525,Broken Bridges- Journey to 10 Festivals,Über diesem Text seht ihr den Trailer. Helft uns unseren Kurzfilm auf die Leinwand zu bringen. Den Link findet ihr in der Story.,400.0,5.993961427306569,EUR,DE,Film & Video,Festivals,Deutsch,Saxony-Anhalt,1734402435,1736130846,1737772980,1
195,Dungeon Treats: Monster Edition,"Craft and devour monsters, dice, and epic loot with the world’s first fantasy candy-making kit.",5000.0,8.517393171418904,USD,US,Games,Tabletop Games,Sunny Isles Beach,FL,1743608080,1756821610,1759413610,1
1312,American Gothic - A Tiny Shoulders Record,"Our first, wholly original, independently produced album - a record that our fans can be proud of and enjoy anytime, anywhere.",800.0,6.68586094706836,USD,US,Music,Indie Rock,Chicago,IL,1560996683,1562346800,1564938800,1
1581,Cook County Jail: Mental Illness Behind Bars,Powerhouse Books will publish this story documenting the prevalence of mental illness among inmates at Chicago's Cook County Jail.,6500.0,8.77971129020447,USD,US,Photography,Photobooks,Chicago,IL,1500909314,1500916990,1503508990,1
1096,New Wine Bar and Café coming to Orcas Island!,"Two island raised entrepreneurs partner to open wine bar, café and 
community space in the heart of Eastsound",125000.0,11.736077016252436,USD,US,Food,Restaurants,Orcas,WA,1618000383,1619642118,1622234118,1
541,Summer Rose Palace Ita Bag *Fully Funded! Join the pledge!,"1 bag with detachable panels for 3 looks! A venetian frame for beautiful display. Inspired by Romanticism and Renaissance, & Art deco.",3500.0,8.160803920954665,SGD,SG,Design,Product Design,Singapore,Central Singapore,1723646710,1732971444,1735563444,1
1187,Moo Pie Co.,"Moo Pie Co. will be a Cottage Foods (home kitchen) business offering handmade pies with local, quality, ethically-sourced ingredients.",1514.0,7.323170717943469,USD,US,Food,Small Batch,Windsor,CO,1590172483,1592240760,1594832760,1
897,"Armax: The Journal of Contemporary Arms, Vols. I–VI","New full-colour editions of the original six volumes of Armax: the Journal of Contemporary Arms, remastered to a modern standard.",75000.0,11.225256725762891,USD,US,Publishing,Academic,Cody,WY,1678655805,1684764119,1686960000,1
1843,The Maze of Games Audiobook Narrated by Wil Wheaton,"An audio version of Mike Selinker and Pete Venters' Maze of Games interactive puzzle novel, narrated by actor and author Wil Wheaton.",5000.0,8.517393171418904,USD,US,Games,Puzzles,Seattle,WA,1403705691,1405976458,1407399120,1
859,FACES OF FREEDOM,"""Capturing the Essence of Freedom through 73 Unique Stories""",1500.0,7.313886831633462,EUR,DE,Photography,Photobooks,Messolonghi,Peloponnese Western Greece and the Ionian Islands,1692959522,1694193065,1699377065,1
836,Beowulf: An Illuminated Wonder Tale,"An illuminated edition of the Anglo-Saxon epic tale ""Beowulf"" in Old English and modern English translation.",10000.0,9.210440366976515,USD,US,Publishing,Art Books,Toms Brook,VA,1702427766,1704470822,1707062822,1
968,The Magician - New 4K restoration and blu-ray,"New limited blu-ray of the silent 1926 classic ""The Magician"". New 4K restoration and soundtrack",4000.0,8.294299608857235,EUR,FR,Film & Video,Horror,France,Auvergne,1661348671,1661429337,1664885337,1
1248,"Hudson Freeman ""The Next Thing"" - Live Album/LP # 2",Be the record label for a LIVE video album to document the music so far and another original studio LP to start the next chapter.,3500.0,8.160803920954665,USD,US,Music,Indie Rock,Springfield,MO,1575331734,1578676511,1581268511,1
1858,Life is a Bubble,"Taking inspiration from life and putting a twist on it. This collection is eclectic, to say the least.",4500.0,8.412054873292933,AUD,AU,Fashion,Ready-to-wear,Melbourne,VIC,1398747720,1398833375,1401425375,0
1184,"Early access to ""Fortified"" EP, Music Videos & Other Content",For my dedicated supporters who want to help push my music to more listeners in order to reach more people.,2500.0,7.824445930877619,USD,US,Music,Hip-Hop,Uhrichsville,OH,1592899865,1592946946,1595538946,0
261,BODERRY: Real Tritium-Lit Titanium GMT & Chronograph Watches,"Titanium case, tritium tubes, domed sapphire crystal, and automatic GMT & chronograph — built for function and style in the LANDMASTER.",49000.0,10.799595985047786,HKD,HK,Design,Product Design,Hong Kong,Hong Kong Island,1750653041,1752847319,1755266519,1
1741,RaspiVoice V2.0,Relaunch of my previously successfully funded project.   This time it cheaper and better,100.0,4.61512051684126,NZD,NZ,Technology,Software,Auckland,Auckland Region,1444039076,1444205631,1446801231,1
302,"Nymphonomicon #7: Tentacles of Tokyo, Part 1",An Erotic Dark Fantasy Graphic Novel Series of Psychosexual Adventure and Metaphysical Horror,2000.0,7.601402334583733,USD,US,Comics,Comic Books,Los Angeles,CA,1748548671,1749572739,1752164739,1
1043,TEARS OF PAIN FOR MEN,PARA HOMBRES ESPECIALES | FOR SPECIAL MEN,10000.0,9.210440366976515,EUR,ES,Fashion,Ready-to-wear,Murcia,Murcia,1639836707,1640992101,1643752800,1
1883,Help Zack Vandermyde make his debut album!,"After years of giving and selling ""Demo"" CD's, Zack Vandermyde is releasing a full length record, and you can help make it happen.",1500.0,7.313886831633462,USD,US,Music,Indie Rock,Salt Lake City,UT,1381788466,1382387905,1385362740,1
1249,Aphrodite Double Shocker - Two Limited Vinyl Represses!,Vinyl Fanatiks are proud to be working with Aphrodite to bring some handpicked classics and unreleased gems out on limited vinyl runs.,2500.0,7.824445930877619,GBP,GB,Music,Electronic Music,Bournemouth,England,1572617948,1579287613,1581112800,1
414,Mimsy the clown cat,A soft and cuddly plushie,3500.0,8.160803920954665,EUR,NL,Design,Toys,Rotterdam,South Holland,1741006143,1741721210,1745609210,0
1230,Toccoa music factory,"""Toccoa Music Factory"" the tea club. A place of social enjoyment, amazing artwork composed by locals,private recording studio.",250000.0,12.429220196836384,USD,US,Music,Hip-Hop,Toccoa,GA,1583022757,1583055368,1585625903,0
282,Frosted Glass - A Christmas Short Film!,Meet Frosted Glass! A Christmas short film written and directed by Robert Papasidero and Anthony Papasidero.,3000.0,8.006700845440367,USD,US,Film & Video,Shorts,Atlanta,GA,1749156598,1751047030,1753725300,1
1428,Retrospect,"Three individuals, stuck in the past, await a bus that will never arrive.\r
\r
Retrospect is a short film about waiting and wanting.",500.0,6.2166061010848646,AUD,AU,Film & Video,Drama,Sydney,NSW,1535434037,1536623259,1540792800,1
1392,MeForThem Family Knowledge Page,A place where you will live on and pass down your lifetime of knowledge to your family and generations to come,20000.0,9.90353755128617,USD,US,Technology,Web,Laguna Niguel,CA,1548801965,1548965288,1550261288,0
60,Myimara - The social responsibility platform,"A major new expansion of Myimara that creates new impact tools, university features, and a full Android version for communities",7500.0,8.922791623969637,GBP,GB,Technology,Apps,London,England,1764711610,1765039486,1767631486,0
1085,"""Deleterious Envy:"" A Feature Film",An American high school action film in pre-production. Help us get the funds to make the film and get it submitted to film festivals!!,2300.0,7.741099090035366,USD,US,Film & Video,Action,Watkinsville,GA,1621995021,1621998199,1624590199,0
100,Magical Oracle,36 cartes pour découvrir votre avenir. 36 cards to unveil your future. Disney fanart,2500.0,7.824445930877619,EUR,FR,Art,Illustration,Serris,Ile-de-France,1760523406,1760633248,1764594000,1
1032,SOS - The Next Generation In Personal Safety Technology.,A wearable device equipped with GPS and a live audio & visual feed that calls for help in the event of an emergency.,15000.0,9.61587214452889,USD,US,Technology,Wearables,34638,FL,1635993314,1643728268,1646320268,0
598,RAF Pioneering Bike Backpack: Reduce Air Drag Enhance Safety,The Next Level of Cycling Safety and Performance with RAF 1 – The Ultimate Air-Filled Backpack with Drag Reduction & Airbag Protection!,10000.0,9.210440366976515,HKD,HK,Technology,Gadgets,Hong Kong,Hong Kong Island,1718077108,1728565222,1731160822,1
75,REETLE SmartInk I: World’s First AI E-Ink Hub for Smartphone,Portable E-Ink Reader | AI Transcription & Summaries | One-Press Record | Smart To-Do Display | Military-Grade Protection,39249.0,10.577706723210554,HKD,HK,Technology,Hardware,Hong Kong,Hong Kong Island,1754965082,1764081507,1766673507,1
1279,Pick n Mix Dress,Order your bespoke Pick n Mix Dress now,500.0,6.2166061010848646,GBP,GB,Fashion,Ready-to-wear,Cornwall and Isles of Scilly,England,1571142016,1571148054,1572357654,1
1659,Kyle Chadburn's Solo Debut Album,"Kyle's debut solo album is a mixture of Americana, Country, and Rock. The songs are ready and the guest musicians are plentiful!",1800.0,7.496097345175956,USD,US,Music,Country & Folk,Newport,VT,1469305410,1470094353,1473118353,1
271,BOXES Comic Magazine #4,The 4th volume of BOXES Comic Magazine! Lots of new short comics from a diverse range of exciting UK based creators.,5000.0,8.517393171418904,GBP,GB,Comics,Anthologies,Linlithgow,Scotland,1748791130,1751797829,1754389829,1
374,The Parishioner - A Hellarious Tale of Good and Evil.,A Fund Raising Theatrical Play Experience ...Where a Priest and a Hitman Battle Wits and a Gun....It is one Hell of a Story.,23100.0,10.047631185616188,USD,US,Theater,Comedy,Somerville,NJ,1742413635,1743519725,1747599420,0
15,Chinese Cuisine Tarot,Readings with extra sauce. Get your fortune served hot.,12888.0,9.46412951340478,HKD,HK,Games,Playing Cards,Hong Kong,Hong Kong Island,1758700035,1770303293,1771858493,1
245,The Joust - Triumvirate,Expansion for The Joust - allow third retinue to join the fun!,20.0,3.044522437723423,EUR,PL,Games,Playing Cards,Los Angeles,CA,1747056308,1756109273,1756447200,1
911,Dog Walk by Jamuison Siberians,15 Siberian Huskies walking the red carpet showing off their fashion,7900.0,8.974744612722734,USD,US,Fashion,Pet Fashion,Columbus,OH,1678318955,1679897466,1682489466,0
1445,"Hole 19 Mini Golf Bar, Los Angeles","We will be a 9 hole mini golf bar based in Hollywood, Los Angeles. Serving Californian beers and plant based foods from local vendors.",60000.0,11.002116507732016,USD,US,Games,Live Games,Los Angeles,CA,1533319422,1533571208,1536163208,1
657,Groove Cards™ - Flash Cards for Drummers,Become a more versatile drummer & expand your Groove horizon. 50 flash cards from popular music genres packed with amazing features.,5000.0,8.517393171418904,EUR,DE,Games,Playing Cards,Nuremberg,Bavaria,1713176850,1721858475,1724450475,1
1418,NEO Escape Rooms,🚨 Limited-Time Offers 🚨 Early Access 🚨 World-Class Escape Room Adventures 🚨 Downtown Sacramento 🚨 Join the Revolution TODAY! 🚨,10000.0,9.210440366976515,USD,US,Games,Live Games,Sacramento,CA,1537057598,1541695685,1544169540,1
1098,Father & Son TV,Father & Son TV is a channel that targets fathers and sons who want build a relationship or are looking for some father/son comedy.,1000000.0,13.815511557963774,CAD,CA,Film & Video,Television,Winnipeg,MB,1616154838,1617107876,1622205476,0
1502,"Lytham Candles. Exclusive homemade, hand poured candles","Lytham Candles make exclusive candles, melts, tealights with beautiful scents for everyone. Hand poured with love from my kitchen!",4500.0,8.412054873292933,GBP,GB,Crafts,Candles,Lytham St. Anne's,England,1519674917,1519945101,1522533501,0
1955,HOWL music video: a little girls spirit animal journey,"Artist:RYAT, Song:HOWL, This song and animation video reflects the spirit animal journey of the lone wolf through a little girls eyes.",1200.0,7.0909098220799835,USD,US,Film & Video,Animation,Los Angeles,CA,1332892215,1333498259,1336186800,1
1507,A Few Kites - Music for Trumpet and Electronics,A project by NYC based trumpeter Andy Kozar to record new music for trumpet and electronics written for him over the past 10 years.,5000.0,8.517393171418904,USD,US,Music,Electronic Music,New York,NY,1517587716,1518908846,1521497246,1
347,AI Agents 2.0: Master MCP and Vibe Coding,Build next-gen AI Agents with Model Context Protocol and Vibe coding—integrate seamlessly into n8n workflows,1080.0,6.985641817639208,AUD,AU,Technology,Web,Melbourne,VIC,1744177930,1746632741,1749038880,1
999,Hell or High Water Tiki,"A Haunted Tiki Bar, Coming to Denver, CO",1000.0,6.90875477931522,USD,US,Food,Restaurants,Denver,CO,1649872585,1650386811,1655570811,1
1381,Tripsaroo - A Travel Website.,"Changing the way travel is planned, researched and done.",5500.0,8.612685172875459,USD,US,Technology,Web,St. Louis,MO,1548772774,1548791888,1552014420,0
1411,ShakaBall | The surfer's beach game that everybody loves,Easy to carry and set up. Super fun to play on the beach or the grass. A great holiday gift for any age. Discounted for product launch!,1500.0,7.313886831633462,USD,US,Games,Live Games,Brooklyn,NY,1537829159,1543503369,1545336000,1
889,Beauty Hunting: A Photobook by Antonina Mamzenko,"A book about using photography as meditation, nature's healing powers and finding beauty in the unlikely places.",5900.0,8.682877107057168,GBP,GB,Photography,Photobooks,London,England,1659036982,1686654172,1689278400,0
1476,Sober Thoughts (Official Video),"Crowdfunding for Younghighrise to make a music video to his new single ""Sober Thoughts"". Official audio: Youtube.com/Younghighrise",1500.0,7.313886831633462,USD,US,Music,Hip-Hop,Downtown Schenectady,NY,1527706592,1527845041,1530437041,0
140,Luxury Scents for Everyone – 3 neue Düfte von DUFTGLAS,"Gemeinsam finanzieren wir 3 neue DUFTGLAS‑Düfte – EU‑konform, hochwertig verpackt, urban inszeniert.",3500.0,8.160803920954665,EUR,DE,Fashion,Accessories,Kirchheim,Bavaria,1759481533,1759657068,1762369200,0
1874,"Esbern Snare ""A Violent Peace""","We have spent the better part of the last year working on our first album ""A Violent Peace"". Help us down the final stretch.",2200.0,7.696667081526462,USD,US,Music,Indie Rock,Norfolk,VA,1384397056,1386800910,1388960910,1
1963,Dragon Lotus Burning Art,"The Dragon Lotus is an effigy piece, created by Coloradans, intended to burn with the CORE group at Burning Man 2012.",1000.0,6.90875477931522,USD,US,Art,Sculpture,Denver,CO,1328124998,1328133378,1330725378,1
1930,Performance Ark Presents 40 Days of Teeth,music // theatre // dance following Franz Kafka's Ein Hungerkünstler through live music & structured dance improvisation,650.0,6.478509642208569,USD,US,Art,Performance Art,Ann Arbor,MI,1353027807,1353552250,1354507560,1
142,All That Slithers: 13 Stories to Squeeze Your Brain,"Thirteen deliciously bubble-gum-tinted horror stories to enjoy in one sitting, or pick at over a dining experience of your choice.",500.0,6.2166061010848646,AUD,AU,Publishing,Fiction,Perth,WA,1754438599,1759616703,1762212303,1
290,CORE. - A truly non plastic solution for beauty products,A fully sustainable bottle and pump with a complete aluminium and stainless-steel solution.,15000.0,9.61587214452889,GBP,GB,Design,Product Design,Sheffield,England,1745492607,1747824419,1752922019,0
136,TUNED INTO CHAOS - The card game - inspired by original book,"A fast PARTY GAME where players dodge cursed TVs turning you in zombies — based on the ""Tuned Into Chaos"" book inspired by Goosebumps💀",1.0,0.6931471805599453,EUR,IT,Games,Tabletop Games,Ancona,Marche,1760797780,1761584349,1762624749,1
427,"Redefining NAS: Style, Power, and Usability with LincPlus",6-Bay Flash NAS | Unraid License | Reddot Award | 10GbE | Up to 112TB | Replaceable DDR5 | Compact & Quiet,100000.0,11.51293546492023,HKD,HK,Technology,Hardware,Wan Tsai,Hong Kong Island,1729233242,1741179601,1744516800,1
1808,Go F#@D yourself,I want to distribute bumper stickers that say what most people think but nobody says,200.0,5.303304908059076,USD,US,Crafts,Printing,Fredericksburg,VA,1412642232,1412719899,1415315499,0
1053,Yellow Is the Warmest Color,"A hot, wet, queer erotic comics anthology.",23000.0,10.043292972227004,USD,US,Comics,Anthologies,Los Angeles,CA,1628207492,1637953222,1640545222,0
1722,Help get me to fashion week!,"I'm a designer, who loves to make corsets, gowns, wedding gowns and neck pieces. Everything is custom, and very special to me.",1000.0,6.90875477931522,USD,US,Fashion,Couture,Seattle,WA,1449721783,1449790932,1452382932,1
735,Personalized Photo Craft,"This personalized photo craft is more than just a decoration! It can be a mirror, a photo display, or a night light – all in one!",20000.0,9.90353755128617,HKD,HK,Crafts,DIY,New York,NY,1713675760,1713698670,1716290670,0
1992,Surprise Issues,Surprise Issues is a comedic art television show about a bad babysitter.,500.0,6.2166061010848646,USD,US,Art,Performance Art,Oakland,CA,1291250410,1291266821,1293858821,1
1653,"Drew Jacobs Official ""Kiss Me"" Music Video","Be a part of the new ""Kiss Me"" Official Music Video!",2500.0,7.824445930877619,USD,US,Music,Country & Folk,Detroit,MI,1473271187,1473359631,1475174031,1
1024,Kodama a day photo books,"I would like to create a series of photo books from the microworld of the garden, forest and coast",200.0,5.303304908059076,GBP,GB,Photography,Photobooks,Belfast,Northern Ireland,1642679865,1642687899,1647868299,1
1836,Restless Pillow,Premiering a new dance work inspired by insomnia at Fuse Modern Dance Company's SYNTHESIS performance August 15th.,995.0,6.903747257584598,USD,US,Dance,Performances,Los Angeles,CA,1406590579,1406617236,1408150800,1
1756,The Sunday Comics Are Back With Over 250 Creators & Pages!,The Sunday Comics is a new twist on the old traditional paper. We are bringing to you original content ranging from Comics to Classics!,75000.0,11.225256725762891,USD,US,Comics,Anthologies,Los Angeles,CA,1429424318,1434910656,1438831620,0
441,Wancher x Kyoto Celluloid : Dream Pen Celluloid,Where Masterful Fountain Pen Craftsmanship Meets Timeless Japanese Celluloid Artistry,1500000.0,14.220976332738882,JPY,JP,Design,Product Design,Bungotakada-shi,Oita Prefecture,1709282316,1741089411,1743677811,1
1328,iLearnify - Where Students Learn What Schools Don't Teach,iLearnify is an online school where students aged 8 and up can learn about entrepreneurship and financial literacy.,10000.0,9.210440366976515,USD,US,Technology,Web,Canyon Lake,CA,1557625917,1559514111,1561964340,0
1463,Giiro : Personal Posture Coach on your Standing desk,"Simply stand on Giiro Mat, and Giiro Posturebot will monitor your posture throughout the day.",20000.0,9.90353755128617,USD,US,Technology,Robots,San Francisco,CA,1516584818,1529975715,1533431715,1
431,Axo Wormsnake,Help a flexible axolotl solve puzzles and survive in a world full of obstacles. A challenging and addictive game!,20000.0,9.90353755128617,MXN,MX,Games,Video Games,Morelos,Zacatecas,1741364830,1741648862,1744240862,0
957,Nakagin Capsule Tower * Tomite Ami ( Photobook ),"Nakagin Capsule Tower Building , Ginza Tokyo Japan. Kisho Kurokawa , a famous Metabolism architecture
and Japanese Actress Ami TOMITE .",2500000.0,14.731801689838347,JPY,JP,Photography,Photobooks,Tokyo,Tokyo Prefecture,1653748327,1661499465,1666683465,0
852,Empowering Artisan Fashion!,Bombyx House: A Journey through Handmade Jewelry from Around the World.,1250.0,7.1316985104669115,USD,US,Fashion,Jewelry,Westport,CT,1699977385,1700858548,1701463348,0
1817,Kritical Klothing,Looking to set up a booth at LARAC next year so i need to have a lot of inventory by then,500.0,6.2166061010848646,USD,US,Fashion,Ready-to-wear,Hudson Falls,NY,1405985904,1411077304,1413669304,0
307,Coalition: Councils of the Republic,The medieval negotiation party game with NO LYING REQUIRED! Make and break alliances to secure your faction's victory!,10000.0,9.210440366976515,USD,US,Games,Tabletop Games,Lafayette,LA,1689205487,1749567610,1751986810,1
62,🇭🇹 x 🇯🇵 The Rise of a Revolution — Haitian History anime,1804 unity creates strength,40000.0,10.59665973278358,USD,US,Film & Video,Animation,South Florida,FL,1761840946,1762281103,1767465103,0
1295,My Pad,A brand new way to teach your children.,1000.0,6.90875477931522,EUR,AT,Games,Puzzles,Salzburg,Salzburg,1559124028,1564413499,1568301499,0
1375,"Ellis Dee Project 'Do You Want Me/Rock To The Max' Ltd 12""",Limited Edition Handstamped & Numbered 180 Gram Vinyl Repress of Ellis Dee Project + various bonus goodies. Only 300 copies,1000.0,6.90875477931522,GBP,GB,Music,Electronic Music,Bournemouth,England,1551222262,1551654833,1552687200,1
1095,Montage: Designed for the beautiful moments of life,Beautifully crafted eco-friendly everyday bag to store your treasures through your journey,7000.0,8.853808274977197,USD,US,Fashion,Couture,Los Angeles,CA,1616757622,1619134231,1622247660,1
8,Sweeney Todd #1,May this story disturb and excite you appropriately.,500.0,6.2166061010848646,USD,US,Comics,Comic Books,Chicago,IL,1760497752,1770716100,1772530500,1
1481,Madam Opus: Funny Songs by Funny Women,A compilation album of comedy-songs by female artists.,1370.0,7.223295679562314,USD,US,Music,Comedy,Stockholm,NJ,1523839179,1525968641,1528560641,1
1322,Plataforma de economia circular / Circular economy platform,ComercioDirecto.Com - Plataforma & Marketplace de Anuncios y Publicidad / Ad and advertising platform [Status: working/funcionando!!],85000.0,11.350418300109132,EUR,ES,Technology,Web,España,Madrid,1557686587,1557705273,1562889273,0
1635,A Night in the Cabin - Feature Horror Film,"Feature horror film that has already been shot in Sweden, ""A Night in the Cabin"", is an independent Swedish/American production",3000.0,8.006700845440367,USD,US,Film & Video,Horror,Kilafors,Gavleborg,1477159332,1479067015,1481659015,1
1303,Stem:Bit - The programmable blocks kit for micro:bit,micro:bit Powered | STEM Based | Easy to Assemble | Programmable Blocks kit | For 8+ age groups | Play & Learn,10000.0,9.210440366976515,GBP,GB,Technology,Robots,London,England,1558957007,1564074118,1566666118,1
312,Warrior with a Pen Games: Big Bundles,A great way to get WwaP games at a discount!,100.0,4.61512051684126,USD,US,Games,Tabletop Games,Lubbock,TX,1747668642,1748964602,1751556602,1
965,Chase N Rico,Corporate professional Chase Waters quits his job to become a masseur known as Rico.,7500.0,8.922791623969637,USD,US,Film & Video,Television,Atlanta,GA,1661571052,1662854799,1665446799,0
538,✦︎ TWST Wallets Collection ✦︎,A fanmade collection of walllets inspired by the 7 dorms of TWST,6100.0,8.716207971151853,EUR,ES,Fashion,Accessories,España,Madrid,1729112499,1734361207,1736089207,1
604,Draconis 8 TCG,The variety of a TCG meets the balance and strategy of a board game! Every pack is a complete deck! Scan your pack to play it online!,20000.0,9.90353755128617,USD,US,Games,Tabletop Games,Sudbury,MA,1718126277,1728396970,1730340000,1
1712,Iowa Weather,"Iowa Weather is a stripped down, 12 track record featuring songs written as a bachelor and a family man.  Rootsy, Iowa grown Americana.",1200.0,7.0909098220799835,USD,US,Music,Country & Folk,Des Moines,IA,1451943339,1453876512,1455690912,1
51,Handmade edc tool: Heirloom Awl. Everyday carry gear.,Hand-Forged Precision for the Modern Artisan,2000.0,7.601402334583733,PLN,PL,Design,Product Design,Opole,Opole,1735296609,1765897335,1768489335,1
1553,Westmorland Weaver,Creating a collection of contemporary woven accessories using traditional weaving methods.,2400.0,7.783640596221253,GBP,GB,Crafts,Weaving,Cumbria,England,1500204296,1504610283,1509794283,1
1234,Next Generation Greeting Cards!,"The business has developed a unique technology, for  use in interactive greetings cards, to rival competitors.",200000.0,12.206077645517674,GBP,GB,Technology,Fabrication Tools,London,England,1581583441,1582097001,1584685401,0
563,⛰️ZKnife –Your Perfect Titanium Survival knife for Adventure,| Titanium TC4 | Infinite Match | Built-in Whistle | M390 Blade with BlackStone Wash Finish | Ergonomics Handle | Modern Design |,50000.0,10.819798284210286,HKD,HK,Design,Product Design,Hong Kong,Hong Kong Island,1730342221,1730655899,1733334299,1
1454,"Save the ""Hey Dude"" Bar None Ranch!!","Save the old ""Hey Dude""  Bar None Ranch set from total destruction in the Arizona Desert today!",50000.0,10.819798284210286,USD,US,Film & Video,Television,Tucson,AZ,1451168945,1531984807,1534576807,0
756,PUEDE CAMBIAR DE APARIENCIA,"Un cortometraje sobre la identidad, la ausencia y el afecto.",20000.0,9.90353755128617,MXN,MX,Film & Video,Shorts,Guadalajara,Jalisco,1710217077,1712726833,1714863600,1
1689,Send Clara to Nashville to make some country music,With a bunch of lyrics in my heart and a passport in my hand I will be embarking on a journey to Nashville to make some country tunes,8990.0,9.103979355984771,AUD,AU,Music,Country & Folk,Point Lookout,QLD,1460324120,1460408061,1462743300,1
418,Redacted Escape Rooms,"Welcome to the REDACTED Agency, where every mission is classified Top-Secret!",3000.0,8.006700845440367,USD,US,Games,Live Games,Milwaukee,WI,1741284182,1743080432,1745297940,1
946,Fresno Fauna v.1: Mammals,A self-published illustrated guide to Fresno's urban wildlife,750.0,6.621405651764134,USD,US,Publishing,Art Books,Fresno,CA,1627909364,1665687583,1668283183,1
856,Deebs Draws x Cloverway Press: 10th Anniversary Celebration,Celebrate 10 years of Deebs Draws with newly-produced archival editions of artwork and limited edition merch!,3000.0,8.006700845440367,CAD,CA,Publishing,Art Books,Edmonton,AB,1692044877,1697055305,1700082905,1
1886,"H O L L A N D S :  Debut Full-Length (LP) ""Restless Youth""","Hollands are self-releasing their Debut Full-Length LP ""Restless Youth"" on Vinyl, CD, and digital download formats. We need your love!",6500.0,8.77971129020447,USD,US,Music,Indie Rock,Brooklyn,NY,1359662794,1380606952,1383634552,1
1208,"Flettu.com | Your Newer, Better & Safer Way To Buy & Sell",Flettu.com was created for people to use worldwide. It is a safe place for people that want to buy and sell their own items & services.,100000.0,11.51293546492023,CAD,CA,Technology,Web,Winnipeg,MB,1585497630,1585581791,1590765791,0
486,Bad Dharma - A Student Short Film,"A darkly comedic take on the confluence of morality, ego, capitalism and perception within the mundane setting of a university campus.",900.0,6.803505257608338,GBP,GB,Film & Video,Shorts,Egham,England,1737479820,1738069359,1740661359,1
1335,Jacob B. Little & the Little Family Band | Debut Album,Laid to Rest – Debut album from Jacob B. Little & the Little Family Band,15000.0,9.61587214452889,USD,US,Music,Indie Rock,Chicago,IL,1525186018,1557864058,1560456058,1
1450,Man Hunt: Mobile AR Adventure Game,"An augmented reality app where teams play Man Hunt together and/or with AI. There are safety features, a global stat board & more.",225000.0,12.323860125621126,CAD,CA,Games,Mobile Games,Vancouver,BC,1531081186,1531943937,1535691540,0
1410,Radio Brea - Un Crowdfunding Inaspettato,"Dopo 7 anni di trasmissioni live, l'Associazione Culturale Sentieri Tolkieniani ha bisogno di voi per mantenere viva Radio Brea!",1500.0,7.313886831633462,EUR,IT,Publishing,Radio & Podcasts,Pinerolo,Piedmont,1537893164,1540570139,1545757739,1
1141,Resolve Zero: Domains for Zero,"A free and open domain registry, providing free third-level domain names for the benefit of the public.",13469.0,9.50822026940441,USD,US,Technology,Web,Dayton,OH,1601746578,1602119109,1605211320,0
1167,KTW - the deuce,Bringing you a second album of sweet originals and inspired covers.,3000.0,8.006700845440367,USD,US,Music,Indie Rock,Golden,CO,1594919937,1595958865,1598550865,1
1762,Compassion Cosmetics,100% organic aromatherapy candles made in various sizes.,200.0,5.303304908059076,GBP,GB,Crafts,Candles,Derbyshire,England,1434291496,1434295132,1436887132,0
1535,"Rotwang's New LP ""Dark Age""","Rotwang has produced an album of new material for the eager consumption of the masses, delivered to you in the classic medium of vinyl.",1600.0,7.378383712996715,USD,US,Music,Electronic Music,Newark,NJ,1475957544,1510587700,1513179700,1
550,Family bonds,Photography project in progress,1550.0,7.346655163176539,EUR,PL,Photography,Fine Art,Warsaw,Masovian,1729689889,1731841216,1734433216,1
1962,"""DRAMATIC"" a full length dance showing presented by Nonsense","Nonsense Dance is working hard, putting our passion and love for dance into creating this show. Please help us reach our goal.",2000.0,7.601402334583733,USD,US,Art,Performance Art,Portland,OR,1328773740,1328850531,1331269140,1
1300,Everything Else is Noise,The new Quiet Hounds album!,8500.0,9.04793908261736,USD,US,Music,Indie Rock,Atlanta,GA,1562266556,1564536277,1567310340,1
534,Laser Focus Sprayer｜Precision Painting With Every Spray,Laser Focus｜Spray evenly｜Quick Easy Swap | Unlimited Imagination | Fully Cordless｜Long Running Time,10000.0,9.210440366976515,HKD,HK,Technology,Gadgets,Hong Kong,Hong Kong Island,1731401165,1734006608,1736685008,1
900,Mutopia Evolution,They thought you were just a plant...they didn't know you were on a journey...,25000.0,10.12667110305036,USD,US,Art,Installations,San Francisco,CA,1679838723,1682478523,1685948340,1
2002,Quixote & Evangenitals to Edinburgh Fringe Festival!,"The Dawn of Quixote: Chapter the First has been invited to the Edinburgh Fringe Festival in Scotland!  Two solid weeks of shows, running from...",9999.0,9.210340371976184,USD,US,Film & Video,Animation,Los Angeles,CA,1242694060,1243418905,1247618820,1
1765,Epilepsy Quest 2,"Epilepsy Quest2 is the 2nd Opus of Epilepsy Quest (Hypno Quest on iOS). Through a dynamic arcade game, explore the traumas of the mind!",2000.0,7.601402334583733,EUR,FR,Games,Mobile Games,Paris,Ile-de-France,1431785095,1432714824,1435306824,1
1252,Bug Hunter: New Music,"New songs by Lyrical Indie Band, Bug Hunter",10000.0,9.210440366976515,USD,US,Music,Indie Rock,Seattle,WA,1568262565,1577887212,1580536800,1
385,Celestial Forest - A Set of Enamel Pins and Stickers,"Collection of pins and stickers featuring cosmic animals, including a limited edition dragon enamel pin",2000.0,7.601402334583733,USD,US,Art,Illustration,Griffin,GA,1745353685,1745415128,1747229528,1
1705,CubeSat for Disclosure-Low Earth Orbit Satellite,"The First satellite for UFO research. We intend to search low-Earth Orbit for any sign of a real UFO, or any space anomaly.",10000.0,9.210440366976515,USD,US,Technology,Space Exploration,Vancouver,BC,1452211885,1452558825,1457742825,1
1575,Just stay awake to win.,Fund filming of a reality game show where the winner is the last one to remain awake through more than just sleep deprivation.,13500.0,9.510519035757246,USD,US,Film & Video,Television,Citrus Heights,CA,1501366822,1501554308,1505183108,0
1370,Ken O'Duffy: The Last Night at the Gentleman's Club Album,"New Solo Album from Ex Saville front man Ken O'Duffy, scheduled for release in August 2019 needs funding for Vinyl and CD manufacturing",2000.0,7.601402334583733,EUR,IE,Music,Pop,Dublin,Dublin,1547670575,1548783685,1553964085,1
1218,Frame.IoT: An Arduino-compatible dev kit for Wi-Fi projects,Connect all the things in your world faster with Wi-Fi + BLE + audio + storage + battery,9349.0,9.143131622282732,USD,US,Technology,DIY Electronics,Tampa,FL,1577732816,1585022413,1587614413,0
20,Lethal Desire #1-5 : Incredible 5th issue of the NSFW series,"When the offspring of a race of super-powered aliens gives women a deadly power, they plan to use it to punish anyone who crosses them!",500.0,6.2166061010848646,GBP,GB,Comics,Comic Books,Doncaster,England,1770202052,1770408004,1771372740,1
1768,HUB Theatre Group presents John Logan's RED,HUB Theatre Group collaborates with local artists to present John Logan's RED to the community.,2500.0,7.824445930877619,USD,US,Theater,Plays,Lubbock,TX,1430093811,1431396791,1433988791,0
292,Sheikh Baby,Infant Inherits Empire,500.0,6.2166061010848646,USD,US,Comics,Comic Books,Dubai,Dubai,1746816743,1749582889,1752912000,1
350,The Unreality Volume 1 - Deluxe Hardcover & Trade Paperback!,"When Ethan dies in the real world, he survives in a dream and has to fight his way through The Unreality to save the love of his life!",500.0,6.2166061010848646,GBP,GB,Comics,Comic Books,Doncaster,England,1747666764,1748030406,1748991540,1
1995,VPeru Art Installation & Intervention - La Casona,"VPerú is a celebration of women & girls in Perú - La Casona is a temporary art installation featuring installation, graffitti & street art",650.0,6.478509642208569,USD,US,Art,Performance Art,Lima,Lima Metropolitan Area,1287080176,1287096967,1290297367,1
67,Self-Squaring DIY CoreXY 3D Printer Frame Components,"Triaxial Self-Squaring DIY CoreXY 3D Printer Frame Components: High Speed, Accurate and Reliable for Creating Impeccable Printed Parts!",25000.0,10.12667110305036,USD,US,Technology,3D Printing,New York,NY,1639875086,1762003929,1767191529,0
1207,Rock City Pizza Company - a non-profit pizzeria,"A very special restaurant born out of the COVID-19 outbreak, created within a closed restaurant, serving our local communities.",75000.0,11.225256725762891,USD,US,Food,Restaurants,Jersey City,NJ,1585225056,1588259416,1590851416,1
28,Expanding Our Digital Company in China — Websites & Service,"“Back our professional team relaunch in China — gain websites, 2 months maintenance, 30% off services, and public recognition.”",11000.0,9.305741456739437,CAD,CA,Film & Video,Animation,Wuhan,Hubei,1765706670,1768080755,1770672755,0
1657,Max Godfrey's New Solo Album,My latest album is all about resilience during hard times.  Help bring to life these inspired interpretations of American folk songs.,2850.0,7.955425088912672,USD,US,Music,Country & Folk,Atlanta,GA,1454600776,1470758708,1473350708,1
382,Dice Caster's Quest,"A Metroidvania game inspired by Castlevania, Cave Story, and Arzette",50.0,3.9318256327243257,GBP,GB,Games,Video Games,London,England,1740828216,1744745974,1747337974,1
1118,From Pop-Up to Popoca,Turning our dream of Popoca into a brick-and-mortar,40000.0,10.59665973278358,USD,US,Food,Restaurants,Oakland,CA,1605390949,1610744773,1613462340,1
1159,Vanguard of Justice,Auditing police departments (Public  Safety  Audits)  and elected officials  (Public  Interest  Audits)  across the country.,25000.0,10.12667110305036,USD,US,Journalism,Web,Phoenix,AZ,1594348417,1594354270,1599538270,0
955,ZooSmart: The disruption of conventional puzzles!,Building minds & fun with the new and different way to learn and play: Zoosmart the ultimate collection of cluster puzzles!!,12500.0,9.433563920090563,USD,US,Games,Puzzles,Irvine,CA,1664151830,1664338705,1667017105,0
417,DABEI Travelpods - Travel Containers for Every Adventure,Durable | Dishwasher safe | Pumps and jars | Magnetic | Recyclable | No BPA or plasticizers | Leakproof | Modular | Sticker labels,3000.0,8.006700845440367,EUR,DE,Design,Product Design,München,Bavaria,1721331840,1742911191,1745503191,1
753,Hello Brave Co.: Children's Health Literacy Books,A series of children's books to make complex medical diagnoses and procedures more approachable for kids.,10000.0,9.210440366976515,USD,US,Publishing,Children's Books,Salt Lake City,UT,1710802426,1711941431,1715138231,1
1793,Collared Corgi Embroidery and Patches,Help me expand my business and purchase an embroidery machine! I am going to embroider the collars I make and create custom patches.,700.0,6.55250788703459,USD,US,Crafts,Embroidery,Ogden,UT,1419655479,1420232818,1422835200,0
1682,Maiden Tales EP - The Coach House Company,"We can’t wait to record and produce our second EP, ""Maiden Tales"", and would love your support!",2500.0,7.824445930877619,GBP,GB,Music,Country & Folk,London,England,1461408217,1461584548,1464350400,1
1023,Uarhiecha: Mujeres P'urhépechas,La ropa confeccionada en las comunidades p'urhépecha que diferencía a las mujeres de cada pueblo.,27800.0,10.2328272702548,MXN,MX,Photography,People,Paracho,Michoacan de Ocampo,1645467133,1645469653,1648058053,1
993,Charlotte Mason's Home Education Series audiobooks,"Listen to these educational classics any time, professionally narrated in a lovely English accent.",35000.0,10.463131911491969,AUD,AU,Publishing,Academic,Sydney,NSW,1637035868,1655418249,1656730020,1
197,Deadscreen #1: A Video Game Murder Mystery,What if SCREAM took place at the company from MYTHIC QUEST where they were making a game possessed by the demons from HELLRAISER?,7023.0,8.857088135314953,USD,US,Comics,Comic Books,New York,NY,1739401068,1756802342,1759394342,1
845,X-Fly: The Drone Designed to Soar Like a Bird,"Experience the next evolution in drone technology - realistic flight, innovative design, & endless expandability.",25000.0,10.12667110305036,EUR,FR,Technology,Flight,Paris,Ile-de-France,1693942909,1701270120,1704294120,1
52,Woolly Wonder Tarot – For the Child You’ve Never Outgrown,"A vibrant 78-card tarot deck rooted in Rider–Waite symbolism, for clear readings, storytelling, and gently awakening your spark.",8000.0,8.987321812850125,HKD,HK,Design,Product Design,Wan Chai,Hong Kong Island,1763118273,1765810310,1768402310,1
305,CHIMERA: An Enamel Pin Set,A limited edition set of 19 mythical hybrid creature collector’s art pins,1000.0,6.90875477931522,USD,US,Fashion,Accessories,Philadelphia,PA,1748578455,1749598430,1752019200,1
1330,Songbook: Get Set Go - So You've Ruined Your Life,"Hardbound songbook handwritten by Mike TV of Get Set Go featuring lyrics and charts for GSG's first album, So You've Ruined Your Life.",1500.0,7.313886831633462,USD,US,Music,Indie Rock,Austin,TX,1554388006,1559244904,1561836904,1
511,"BATISCAFO Zero45, Bonze/Titanium Bezel Diving Watch 30Bar","3rd watch from designer's brand BATISCAFO, strong character product with unique design. True limited watch. Huge color options.",10000.0,9.210440366976515,USD,US,Fashion,Accessories,San Diego,CA,1729306887,1736605063,1739024263,1
329,Lampblack #1-5: Fantasy Comic for Studio Ghibli Fans!,Anything the ink girls paint will come to life. A forbidden power becomes a military asset in this adventure fantasy.,8000.0,8.987321812850125,USD,US,Comics,Comic Books,Santa Rosa,CA,1739902592,1747748613,1750356000,1
770,Enthusiast Puzzles - Jigsaw Puzzles for Car People!,"We bring amazing automotive content to jigsaw puzzles. We're launching with 3 themes. Classic, Racing & Off-road Exploration!",12000.0,9.39274525863144,USD,US,Games,Puzzles,Poolesville,MD,1708623149,1710939768,1713531768,0
664,The Magic Money Tree by Kirsty Mackay,An incredible photographic documentary book that captures the reality of poverty and youth in Britain today,15000.0,9.61587214452889,GBP,GB,Photography,Photobooks,London,England,1720011662,1721032538,1723813363,1
814,FORMART S：Industrial Grade Vacuum Former Built for Desktops,Achieve professional-grade molds with this tiny-footprint vacuum former!,5000.0,8.517393171418904,USD,US,Technology,Fabrication Tools,Taipei City,Taipei City,1699854885,1705492929,1709640129,1
1002,Purple Eyes Vol. 1,"What would you do with only 73 min left to live? 33 creators invite you to a world where 73 min before you die, your eyes turn purple.",18000.0,9.798182590890704,USD,US,Comics,Anthologies,Chicago,IL,1641865224,1652198568,1655308968,0
1654,"Fathom One | The Affordable, Modular, HD Underwater Drone","See the world in a new way with a full HD underwater drone that's easy to use, modular, portable, and exceptionally affordable.",150000.0,11.918397239722838,USD,US,Technology,Robots,Grand Rapids,MI,1470331723,1472529666,1475121666,1
1195,The Prairie Bay Community Patio Expansion,Creating the next level of outdoor experiences for our community,15000.0,9.61587214452889,USD,US,Food,Restaurants,Baxter,MN,1590433083,1591834168,1593043768,1
1880,Low Weather // Debut Album,Low Weather's debut album is halfway finished.  With your help and your help alone we can record the rest!,2000.0,7.601402334583733,USD,US,Music,Indie Rock,St. Louis,MO,1381983120,1384236507,1386828507,1
763,After The Funeral: Independent Short Film,"A dark comedy about bad people, horse girls, Taylor Swift, & death.",6000.0,8.699681400989514,AUD,AU,Film & Video,Shorts,Melbourne,VIC,1709610517,1711934446,1714489200,1
1999,Monsters of Comedy Tour & Film,"As the Monsters of Comedy tour the West Coast, we will be filming a documentary of life on the road with these four volatile comics.",3000.0,8.006700845440367,USD,US,Art,Performance Art,Los Angeles,CA,1284402332,1284408252,1286143200,1
1506,Come Alive - An original production by Haven Arts Theatre,"Come Alive is the first production of the new theatre company, Haven Arts Theatre.  \r
\r
Dance, singing, aerial arts and stage combat...",65000.0,11.082157933374816,USD,US,Dance,Performances,Houston,TX,1515963064,1519418378,1522006778,0
1103,Battling for Anvil: an adventure book.,"It's a book, a game, and a helpful and inspiring story packed with suggestions of things to do during Empire live-roleplaying events.",4500.0,8.412054873292933,GBP,GB,Games,Live Games,Norwich,England,1612618162,1616876818,1620149700,1
806,"Shifting, Swirling, HERitage — An All-New Anthology","In these upbeat action-packed tales, women turn history inside out, improving women's cultural standing and role in society forever.",2000.0,7.601402334583733,USD,US,Publishing,Anthologies,Pittsburgh,PA,1704257603,1707415191,1710388800,1
1151,VINYL PRE-ORDER - This Place Is Killing Me EP,"The Venus in Scorpio's third EP, This Place Is Killing Me, on limited edition purple vinyl!",1600.0,7.378383712996715,EUR,DE,Music,Electronic Music,Berlin,Berlin,1597751327,1597753807,1602937807,1
539,"dìèdìè: a community micromill for slow, natural textiles","An educational practice space for community-supported, natural textile production: from seed to cloth.",12000.0,9.39274525863144,USD,US,Art,Textiles,Durham,NC,1731011659,1732627849,1736083849,1
1723,"American Ostrich Farms: The Healthy, Sustainable Red Meat","Our family is bringing Americans the most delicious, healthy, environmentally sustainable red meat in the animal kingdom – Ostrich!",25000.0,10.12667110305036,USD,US,Food,Farms,Boise,ID,1446174068,1447976070,1451894400,1
1134,Det Fængslede Menneske,"Det Fængslede Menneske er den seneste udgivelse fra Baggrund, der er et vidensbaseret og samtidshistorisk alternativ til nyhedshvirvlen",15000.0,9.61587214452889,DKK,DK,Publishing,Academic,Copenhagen,Hovedstaden,1590056220,1604821865,1607986800,1
569,PALE TIDES: A Game of Folk Horror and Witchcraft,A new horror roleplaying game by Paul Scott Canavan. A pale moon rises. Forgotten horrors stir. Gather your coven and prepare to hunt.,15000.0,9.61587214452889,GBP,GB,Games,Tabletop Games,Edinburgh,Scotland,1707212388,1730409956,1733005556,1
577,Plugable: Turn One USB-C Charger Into Ten,Charge up to 10 devices with Plugable's elegant charger. Up to 100W per port. Uses the USB-C power supply you already have.,10000.0,9.210440366976515,USD,US,Technology,Gadgets,Redmond,WA,1725216157,1729590693,1732435140,1
1776,Angry Hops For Local New York Brewers and Farm Breweries,"Establishing a hop yard in the heart of the Finger Lakes, to provide premium hops for local brewers.",3500.0,8.160803920954665,USD,US,Food,Farms,Watkins Glen,NY,1417484039,1428097019,1430689019,1
338,Emotional Support Yuji Plushie | Jujutsu Kaisen,"Lil Yuji Bean is now in plushie-form to love you in-person :) Cuddle, squish and bring him everywhere to remind you you're not alone!",1600.0,7.378383712996715,USD,US,Design,Toys,Los Angeles,CA,1740555137,1745376424,1749797940,0
1961,"Creamen, a global warming stop-motion animated film","A colorful symbolic story brings together a group of anthropomorphic characters that confront a devastating future together, our future",15000.0,9.61587214452889,USD,US,Film & Video,Animation,New York,NY,1328186177,1328546769,1332431169,1
61,Mystic Meows Tarot,"A world ruled by cats with secrets, sass, and starlight in their eyes!",1200.0,7.0909098220799835,USD,US,Games,Playing Cards,Los Angeles,CA,1760955689,1766672707,1767536707,1
1987,Heels on Wheels Roadshow 2011 Gas Fund,Heels on Wheels Roadshow is a glittery DIY cabaret of radical extravagance roaming the Midwest in April 2011 seeking kickoff funds.,950.0,6.85751406254539,USD,US,Art,Performance Art,Brooklyn,NY,1300414231,1300768289,1302755489,1
485,"Make 100/""MANNERPRISMS"" DRAW ATTENTION",A 36 interactive puzzles containing booklet demands your attention. Connect the symbols and help the constant through the chaos.,756.0,6.6293632534374485,EUR,AT,Art,Illustration,Vienna,Vienna,1654520266,1738134617,1740726617,0
980,Hushme AIR: A Breath Of Fresh Air Among The Smart Masks,Speech privacy mask for a smartphone | Voice muffling | Dust and smoke FFP2 air filtration | External speaker with RGB lighting,49000.0,10.799595985047786,USD,US,Technology,Wearables,Delaware,OH,1654521152,1659559793,1662151793,0
1914,Zelda: Majora's Mask Reproductions,I'm making replicas of masks from The Legend of Zelda: Majora's Masks. I am focusing on the Fierce Deity Mask right now.,1000.0,6.90875477931522,USD,US,Art,Sculpture,Riverside,CA,1364416790,1364834458,1366610400,1
1358,"OneStopBrackets - Crazy Easy, Crazy Good Sports Pools",A customizable sports bracket website offering users superior analytics and flexibility creating pools,100.0,4.61512051684126,USD,US,Technology,Web,Moorhead,MN,1554609423,1554822882,1557414882,0
1877,1Sheeld: Replace your Arduino shields with your smartphone!,"Imagine an Arduino shield that can be configured to be an LCD, GPS, Wifi, or any shield you may think of!",10000.0,9.210440366976515,USD,US,Technology,DIY Electronics,Cairo,Cairo,1383999232,1385028029,1387670340,1
1253,Avengers Endgame Stained Glass Hero Hard Enamel Pins,Stained Glass Avengers Enamel Pins,1000.0,6.90875477931522,USD,US,Art,Mixed Media,Danvers,MA,1576692588,1577391947,1579983947,1
77,Custom Relief Ceramic Panel,Personalized Porcelain Masterpieces for Pet Lovers,3100.0,8.03947991910045,HKD,HK,Crafts,Pottery,Kowloon,Kowloon,1763972143,1764050469,1766642469,1
645,Do I Know You?,A new book of American stories by Eugene Richards,25000.0,10.12667110305036,USD,US,Photography,Photobooks,Brooklyn,NY,1720536276,1724155163,1726142400,1
1838,I'll Write For You,"Rick-ism's, Rick-oem's, Songs, Poems, Philosophical Pieces, Rilleism, and more...",1.0,0.6931471805599453,USD,US,Journalism,Journalism,Nutter Fort,WV,1404824019,1405106402,1407698402,1
64,Strange Form Trilogy Tarot,"66 tarot cards collecting Strange Form 1-3, into a single, epic Tarot collector’s edition.",700.0,6.55250788703459,GBP,GB,Games,Playing Cards,Huddersfield,England,1758241117,1764979946,1767268800,1
1,Thorn Hill #4 - Published by Top Secret Press,The final issue of the four issue series!,1000.0,6.90875477931522,USD,US,Comics,Comic Books,Richmond,VA,1770301233,1771001809,1773021600,1
1027,1957 Chevy Fire Pit,High quality metal fabrication shop,5000.0,8.517393171418904,USD,US,Technology,Fabrication Tools,Lexington,SC,1644221926,1644609017,1647197417,0
1415,The Invitation,A practice of spiritual formation through a podcast that is invigorated by the movements of the Holy Spirit in a prison,27000.0,10.203629181337648,USD,US,Publishing,Radio & Podcasts,Holland,MI,1540234285,1542378548,1544970548,1
1813,MAYDAY skateboards,Designing and printing limited edition skateboards,900.0,6.803505257608338,USD,US,Crafts,Printing,St. Augustine,FL,1411850779,1412027459,1414619459,0
858,SATURATION 70: a deluxe art book about a lost sci-fi film,"The untold story of a lost, 1970 sci-fi epic starring Gram Parsons & Michelle Phillips, shot in Joshua Tree and Los Angeles.",10000.0,9.210440366976515,USD,US,Publishing,Art Books,Joshua Tree,CA,1691965800,1695711677,1699603277,1
1520,Zaburi 150,'Zaburi 150' is a TV Show to be produced in Tanzania where Gospel Artists tell their own stories and also perform their worship songs.,25000.0,10.12667110305036,USD,US,Film & Video,Television,Dar es Salaam,Dar es Salaam,1514185689,1514193789,1516785789,0
1773,"Support Catalan Drama: Skin in Flames, by Guillem Clua",Bots & Barrals and StoneCrabs Theatre are excited to present the UK premiere of Guillem Clua's powerful Catalan drama Skin in Flames.,2500.0,7.824445930877619,GBP,GB,Theater,Plays,London,England,1428687738,1429558756,1431298740,0
710,The Epic Work,A photographical journey. Eine fotografische Reise,299.0,5.703782474656201,EUR,DE,Photography,Photobooks,München,Bavaria,1715444791,1715544486,1718136486,1
1941,Bakerman & The Bunnymen! - 1920s-style cartoon,"In this black and white cartoon, a baker is cannibalized by his creations. It's an homage to Max Fleischer and cartoons of the 1920s.",3500.0,8.160803920954665,USD,US,Film & Video,Animation,Burbank,CA,1340146539,1341243121,1344267121,1
1268,Angela Jane Bachmann's new full length record,Help me professionally record my first full length record!,10000.0,9.210440366976515,USD,US,Music,Indie Rock,Long Beach,CA,1568232094,1572805181,1575397181,1
1177,ABOMINATIONS OF FRANKENSTEIN,A brand-new bizarre Frankenstein film starring Anthony D.P. Mann (Terror of Dracula) and Vicki Bitis (Blood Rites of the Vampyr),2000.0,7.601402334583733,CAD,CA,Film & Video,Horror,North Bay,ON,1592326701,1593749677,1596427260,1
1434,Empowering young girls with hearing disabilities in Togo.,Our objective is to expand a center for hearing-disabled girls by empowering them to become self-sufficient through skilled jobs.,19118.0,9.858437883982404,EUR,FR,Crafts,Weaving,Amiens,Picardy,1530946099,1534458761,1539561600,0
990,The Heat Museum (Edinburgh Fringe 2022),"Curtains drawn, lawns burnt brown; a townscape is melting. In a devastating heatwave, a wandering mind waits for the rain.",1800.0,7.496097345175956,GBP,GB,Theater,Experimental,Edinburgh,Scotland,1653581867,1655827750,1658419750,1
1619,The Package - Short Film,"Dino struggles to keep his head up, assessments to do ,bills to pay. Convinced that drugs will solve his problems he takes a chance .",300.0,5.707110264748875,GBP,GB,Film & Video,Narrative Film,Birmingham,England,1485268435,1485364074,1487956074,1
778,Kiwawa Shield-inspired Ita Bag + Free Purchase Bonuses!,Stylish shield ita bag that can worn as a backpack or a crossbody bag. Clear front window to show off your oshi merch!,4000.0,8.294299608857235,AUD,AU,Fashion,Apparel,Sydney,NSW,1708144882,1708174769,1712900580,1
1827,runScribe: Wearable for the Data-Driven Athlete,"runScribe provides a 3D view of how you run. With your support, we can help athletes run smarter, longer, and with fewer injuries.",50000.0,10.819798284210286,USD,US,Technology,Wearables,San Francisco,CA,1407299111,1408542491,1411134491,1
1739,Ben Dunn's PAPER DREAMS volume 2 ARTBOOK,"Explore the demented mind of NINJA HIGH SCHOOL creator BEN DUNN! 96 pages of sketches, commissions and rare unpublished artwork!",3500.0,8.160803920954665,USD,US,Comics,Anthologies,Forney,TX,1444494904,1444499781,1447095381,1
1711,"TV Sitcom ""Friends"" Themed Aromatherapy Candles","TV show ""Friends"" popular quotes turned into all natural aromatherapy candles and reusable glass jar. Ever quote has its own fragrance.",8000.0,8.987321812850125,USD,US,Crafts,Candles,Oklahoma City,OK,1454020668,1454104395,1456696395,0
1625,"SPA in a JAR, all you need for some minutes of relax",In a small and practical jar all you need for a few minutes of relax. The scented bath salts are only the first step.,10000.0,9.210440366976515,EUR,IT,Crafts,Candles,Rome,Lazio,1481538812,1482105199,1485561199,0
832,The Man Who Would Be King - Collector's Edition,"Rudyard Kipling's masterpiece, with stunning illustrations by Armel Gaulme.",10000.0,9.210440366976515,EUR,FR,Publishing,Art Books,Strasbourg,Alsace,1676562680,1706029220,1708383540,1
313,Nightmerica: Corruptions of the American Dream,An American Dream Gone Wrong Anthology,2500.0,7.824445930877619,USD,US,Publishing,Fiction,Ann Arbor,MI,1745531923,1748949177,1751541177,1
1244,AlonzoWill Creative Dance Company,A home for creative projects through dance to impact the community of South Florida.,25000.0,10.12667110305036,USD,US,Dance,Performances,Fort Lauderdale,FL,1576361034,1576451039,1581635039,0
1894,Pangea to be Battle Born,Battle Born Studios wants to produce our music. With a little help we can make it happen.  Even small donations make a huge difference.,7500.0,8.922791623969637,USD,US,Music,Indie Rock,St. George,UT,1374122284,1377106471,1379698471,1
792,"Photobook ""Rao’s Newsstand""",Photo book project of An Intimate Look at a Street in NYC,50000.0,10.819798284210286,JPY,JP,Photography,Photobooks,New York,NY,1706687548,1709110498,1711698898,1
631,EXITUS SILENT DISCO,En dansresa genom vardagsstress och prestationskrav.En person är fången i framgångsillusionen. Hans nödutgång är självtillfredsställels,24959.0,10.125029822483365,SEK,SE,Dance,Performances,Gothenburg,Vastra Gotaland,1722844437,1722863941,1727348340,0
1323,CORPORATE HACKER,A Survival guide for Entrepreneurship in the Corporate world,40000.0,10.59665973278358,SEK,SE,Publishing,Academic,Stockholm,Stockholm,1551868646,1560148548,1562740548,1
752,The Writer's Block 2006 Remastered Edition,"A new way to read a comic book story with the talents of Peter David, Gail Simone and Fabian Nicieza. It's like a comic book game show.",2500.0,7.824445930877619,USD,US,Comics,Comic Books,Washington,DC,1710139817,1711328207,1715216207,0
1089,Doggo'Float: The ultimate doggie life jacket,A quality and creative water accessory for dogs in 4 vibrant designs,20000.0,9.90353755128617,AUD,AU,Fashion,Pet Fashion,Sydney,NSW,1620790505,1621375689,1623808800,0
319,PRYME8 Issues #1-3,A military test subject with a bulletproof mask and the strength of a silverback fights to keep the peace in a lawless city.,1200.0,7.0909098220799835,USD,US,Comics,Graphic Novels,Hartford,CT,1745248330,1749934325,1751230325,1
1600,Goddess Intuitive Tarot Deck,"Custom designed tarot deck.  Created by hand, each drawing is an original, assigned meanings by Bedouin Gypsy, the artist.",15000.0,9.61587214452889,USD,US,Crafts,Printing,Shelton,WA,1490926748,1491687899,1494279899,0
1395,Foldable mounting stool - max2h.com,Learn more about our new foldable mounting stool!,18000.0,9.798182590890704,EUR,DE,Technology,Fabrication Tools,Stuttgart,Baden-Wurttemberg,1537905404,1544801672,1549985672,0
469,"4x7MM Acrylic Symbol Beads (colon, period, quotation mark)",We want to manufacture acrylic symbol beads that currently don't exist on the market. This project is for the production of 3 symbols,2000.0,7.601402334583733,USD,US,Crafts,DIY,New York,NY,1738620316,1739398537,1741986937,0
1029,Krampus 5: The Snow Beast,A snow beast is terrorizing a party of friends in the 5th installment of MMH Production Krampus Films,1000.0,6.90875477931522,USD,US,Film & Video,Horror,Cleveland,OH,1635230373,1641831292,1647015292,1
929,CampusFundr - Crowdfunding for Education,CampusFundr is a crowdfunding platform geared towards giving people an opportunity to get funding for education.,1.0,0.6931471805599453,USD,US,Technology,Web,Deltona,FL,1667254367,1667510685,1672698285,1
153,Sofia in the Fields - Nude art Book & Video,Nude art Book - Video - Photo - Polaroid,500.0,6.2166061010848646,EUR,IT,Photography,People,Italia,Piedmont,1758703457,1759328041,1761920041,1
1602,Plain Fiction,"""Plain Fiction"" is a feature film currently in production in New Haven, Connecticut.",18000.0,9.798182590890704,USD,US,Film & Video,Narrative Film,New Haven,CT,1484027753,1491576119,1494168119,1
169,Starlit Gleanings Tarot,Look up to ask why you're here – look down to find out why you are you.,3000.0,8.006700845440367,HKD,HK,Art,Illustration,Hong Kong,Hong Kong Island,1758701655,1760186862,1761050862,1
1276,InTime Framework,"A new web platform downloadable and installable on a web server, ready to use for development of new web apps. Made in PHP & Javascript",60000.0,11.002116507732016,EUR,IT,Technology,Web,Lucca,Tuscany,1567542438,1567552701,1572736701,0
1408,MUSE & MARLOWE,"La nouvelle ligne de vêtements féminins éco-conçus\r
\r
// The new feminine sustainable clothing line.",5000.0,8.517393171418904,EUR,FR,Fashion,Ready-to-wear,Bretagne,Centre,1538138816,1543311720,1546297140,1
301,Puppy Trove Enamel Pins,A treasure of collectable puppy enamel pins!,1000.0,6.90875477931522,CAD,CA,Art,Illustration,Ottawa,ON,1750854024,1751065111,1752361111,1
1923,Social Mayvon App,"Mayvon is an iPhone App that allows you to play and learn about your friend on Facebook, Linkedin or Twitter.",2000.0,7.601402334583733,USD,US,Games,Mobile Games,Fremont,CA,1358032831,1358716790,1361590380,1
973,Zombie Love,The Music Video,7500.0,8.922791623969637,USD,US,Music,Comedy,Austin,TX,1659388142,1660764745,1663356745,0
1220,Story/Line,"One-on-one interviews w/ artists from comics & animation, talking about their craft. 
""Art and Stories and the Art of Telling Stories""",89311.0,11.399891136336048,USD,US,Film & Video,Television,Los Angeles,CA,1579208024,1583791202,1586469602,0
248,Total Sexy Island #1 - erotic parody comic,4 women. 1 island. Competing in a series of challenges to become the next big adult film star.,100.0,4.61512051684126,USD,US,Comics,Comic Books,New York,NY,1752525792,1754484351,1756212351,1
274,Cosmic Ballerinas: Pin and Sticker Collection,This hard enamel pin/sticker campaign features our favorite scouts as adorable dancing ballerinas.,100.0,4.61512051684126,USD,US,Fashion,Accessories,Hanover,PA,1751090195,1751635472,1754227472,1
1815,Buzzb. A Chromecast game for friends and family.,Chromecast is an amazing platform to consume media. With your help we want to go a step further and turn it into a £30 games console.,1000.0,6.90875477931522,GBP,GB,Games,Mobile Games,Leeds,England,1408807684,1411775800,1414367800,1
205,Tomb Runners - Narrative D20 Roleplaying,A radical new way to dungeon crawl for fantasy roleplaying with the Narrative D20 System and build your own class design,2500.0,7.824445930877619,USD,US,Games,Tabletop Games,Orlando,FL,1747584731,1756223974,1758815974,1
1242,Paola Meza; Videoclip de Oasis.,Soy Paola Meza y quiero grabar mi primer video musical para el lanzamiento de mi canción Oasis,35000.0,10.463131911491969,MXN,MX,Music,Indie Rock,Guadalajara,Jalisco,1579198148,1579479002,1582071002,1
1158,Nightmare Macabre: a 1000 piece horror puzzle,"My project is a one thousand piece, 20x29, black and white, horror puzzle that features 20 macabre ink illustrations.",5600.0,8.630700432209832,USD,US,Games,Puzzles,Castro Valley,CA,1597200490,1597423311,1600015311,0
526,Wildtracks: Tracking Stamps for Educational Purposes,Discover the traces of nature with our stamps. - Entdecke mit unseren Stempeln die Spuren der Natur.,2250.0,7.719129840906732,EUR,DE,Crafts,DIY,Dresden,Saxony,1705739981,1735023852,1737615852,0
1165,The Books Bourbon & Bacon Bread Truck!,Moving the Garage Bakery to the Road!,35000.0,10.463131911491969,USD,US,Food,Food Trucks,Indianapolis,IN,1592942700,1593533600,1598717600,1
1170,Ladies Coffee Short Horror Film,Reem thought that getting her coffee cup read in an old woman's house would be harmless fun.,7000.0,8.853808274977197,GBP,GB,Film & Video,Shorts,London,England,1595403473,1596385257,1597912500,1
940,ValeVPN: Groundbreaking Cloud VPN Service.,"Fast, dedicated, and secure. Create one-time-use security servers with one button!",5000.0,8.517393171418904,USD,US,Technology,Software,Los Angeles,CA,1568396593,1667302516,1669894516,1
1779,DWNS RUNWAY SHOW,Help DWNS put on their first ever runway show during MBFWA this year.,500.0,6.2166061010848646,AUD,AU,Fashion,Ready-to-wear,Sydney,NSW,1426888576,1427148534,1429090200,1
342,Fort Sensory: The Wall-Mounted Swing & Cozy Hideaway,"Folds flat. Supports swinging, pull-ups, and chilling. Built for sensory joy, tough play, and relaxing hideouts — anytime.",15000.0,9.61587214452889,USD,US,Design,Toys,Fargo,ND,1745367577,1746806424,1749398424,0
804,Cow-girls (3D Printable Figures/STL Files),3D Printable Figures (STL files) Miniature collectors 52mm & 72mm,900.0,6.803505257608338,MXN,MX,Games,Tabletop Games,Durango,Durango,1708659930,1709437631,1710730031,1
98,Next-Gen K-Beauty Acne Mask,South Korean innovation meets skincare science: Salicylic Acid + Niacinamide for clearer pores and calmer skin,30000.0,10.308985993422082,USD,US,Technology,Wearables,Los Angeles,CA,1759499787,1759679947,1764867547,0
1264,3D Cannon Puzzle,Here is a very Fine and Unique 3D Puzzle. Level of difficulty is 4.8/5. You will want to finish it once you will start solving it.,2500.0,7.824445930877619,USD,US,Games,Puzzles,San Luis Obispo,CA,1573454119,1574826046,1577418046,0
1291,a Hip-Hop producer musical interactive marketing website,a music company that focuses on connecting the artist with music producers allowing them to interact together on projects.,45000.0,10.714439990727769,USD,US,Music,Hip-Hop,Chicago,IL,1564649029,1564675595,1569859595,0
1709,Help Emily Elgin make her debut EP,My first goal is to make my debut EP and then to hopefully surpass that to fund a complete Artist Development Package,9500.0,9.15915233520675,USD,US,Music,Country & Folk,Franklin,TN,1454099056,1454705255,1457146800,1
1567,GIRLS by Luo Yang,Empowered Chinese Femininity: GIRLS (2007-2017) by Acclaimed Chinese Artist Luo Yang,15000.0,9.61587214452889,EUR,DE,Photography,Photobooks,Berlin,Berlin,1500451398,1504948831,1506880800,1
1001,Infinite Blue - An otome chatroom sim,An otome chatroom sim/romance visual novel where you and six strangers have a messenger app mysteriously downloaded onto your phones.,17000.0,9.741027444837728,USD,US,Games,Mobile Games,Denver,CO,1638507030,1652792274,1655384274,1
759,The Great White Snark and Other Very Real Creatures,"A hilarious field guide to very real creatures like the Shmarmoset, the Chunk, and the Giraffalo. It's also a coloring book!",3000.0,8.006700845440367,USD,US,Publishing,Comedy,Troy,NY,1707749181,1711972842,1714564800,1
467,LiteCable: Wearable 6-in-1 240W Lanyard Charging Cable,6-in-1 for Charge Any Devices | PD240W Max| iPhone 16 40W | MacBook 0-100% in 30mins | A versatile lanyard that provides peace of mind.,1000.0,6.90875477931522,USD,US,Technology,Gadgets,Sheridan,WY,1737434560,1740052210,1742208610,1
1025,Gratefully Tattooed,Gratefully Tattooed is the FIRST EVER cataloged & published image collection of Grateful Dead tattoos.,10000.0,9.210440366976515,USD,US,Photography,Photobooks,San Francisco,CA,1637181259,1643758555,1647413940,1
769,Asexual Support Group,Episodic comedy following a group of college students as they bond over their experiences on the ace spectrum.,600.0,6.398594934535208,USD,US,Film & Video,Webseries,Chicago,IL,1710282632,1710297032,1713718800,0
445,Aquarium Ita Bag,Show off your fishy pins with this aquarium themed ita bag!,2000.0,7.601402334583733,USD,US,Fashion,Accessories,South Florida,FL,1740073942,1740848328,1743436728,1
144,Sock Squad: A Hilariously Sneaky Sock Card Game,"A fast, cheeky, strategic card game for families and kids that was created by a 9-year-old and his mom… while folding laundry!",1300.0,7.170888478512505,CAD,CA,Games,Tabletop Games,Toronto,ON,1753987047,1759505430,1762101030,1
793,AQUA PIPE,Strategically place water pipes to connect the city water supply.,100000.0,11.51293546492023,JPY,JP,Games,Tabletop Games,Tokyo,Tokyo Prefecture,1707530369,1710291602,1711674002,1
686,BAD BOY Rooftop Tent Removal Storage and Installation Device,"One-Person Rooftop Tent Removal, Storage and Installation Device. BAD BOY RTT Lift by RollNJack. Sturdy, Safe, and Space Efficient.",12900.0,9.465060106725137,USD,US,Technology,Hardware,Mason,OH,1712928441,1718712218,1721307540,1
250,Intentra | Virtual Doctors & Women's Healthcare App,"Your Daily Health, Mindfully Managed.",25000.0,10.12667110305036,USD,US,Technology,Apps,Orange,CA,1753215588,1753393609,1756072009,0
1700,Lift Off Prints needs more 3D printers!,Lift Off Prints is here for everyone's 3D printing needs. Our custom 3D modeling and printing skills can handle any project.,2650.0,7.8826922062890254,USD,US,Crafts,Printing,Las Vegas,NV,1441000197,1457595084,1460183484,0
951,"Rain, Rain Go Away",a modern body horror short film,1000.0,6.90875477931522,GBP,GB,Film & Video,Shorts,London,England,1597232633,1665091007,1667251007,1
1605,Stream Freedom Limited - live event streaming,"Stream Freedom Limited is a Live Events Media company specialising in Video, social media broadcasts & live updates.",5000.0,8.517393171418904,GBP,GB,Film & Video,Television,Newquay,England,1484245991,1490823247,1493415247,0
239,Comic book - Da Ten Shi: The Price of Power,Two sworn enemies. One shared betrayal. Hunted by the worlds they once served.,1000.0,6.90875477931522,USD,US,Comics,Comic Books,Denver,CO,1748525854,1755015608,1756743608,1
1458,Junction Coffee Tiny House- Great Friends Great Coffee,Drinking coffee in a double decker bus or Tiny House only gets better when you realize you're now a part of something larger,16000.0,9.680406499268877,USD,US,Food,Food Trucks,Oklahoma City,OK,1529780332,1531429856,1534021856,1
1104,Stay Positive During Tough Times!,Plan B During the Pandemic: A Blog of a Future Insurance Agent,688.0,6.535241271013659,USD,US,Journalism,Web,San Ramon,CA,1616536179,1617403517,1619995517,0
662,Trident Paint Brush,Product Overview The Trident Paint Brush is the next generation of paint brushes. It is designed by a painter with 25 years painting.,777.0,6.656726524178391,USD,US,Technology,Gadgets,Dayton,OH,1721016182,1721487408,1724079408,0
1013,The Sweet Boutique by The Ginger Baker,The Ginger Baker is moving to a storefront and opening a bakery cafe called The Sweet Boutique!,20000.0,9.90353755128617,USD,US,Food,Restaurants,East Longmeadow,MA,1647813380,1648842500,1651434500,1
590,Portable Venty Clip Fan,Clip It. Hang it. Mount it. Your scented rechargeable fan for work & sleep.,8000.0,8.987321812850125,USD,US,Technology,Gadgets,Las Vegas,NV,1724976292,1729702960,1731866560,1
1143,wikivotes.org - All polls that concern you in one place.,"A website with all polls relevant for the user, even if he is actually not allowed to vote (e.g. municipal council polls, ...)",4000.0,8.294299608857235,EUR,CH,Technology,Web,Schaffhausen,Canton of Schaffhausen,1601911750,1602264447,1604860047,0
816,"Myths, Monsters and Cryptids : VOLUME 2","A haunting collection of monsters and cryptids done in the style of a monster hunters journal, complete with sketches and notes",4000.0,8.294299608857235,USD,US,Art,Illustration,Greensboro,NC,1703520509,1706633821,1709251200,1
888,Gloom - The Secret Book of Odd & Ghostly Things - Volume One,A whimsical & delightfully odd hand-drawn art book full of detailed illustrations and snippets about ghostly goings-on and sneakery.,3000.0,8.006700845440367,AUD,AU,Publishing,Art Books,Melbourne,VIC,1678237248,1687826457,1689640857,1
122,Spider-Man Movie in LEGO,"A full frame by frame stop motion recreation of the 2002 Tobey Maguire “SPIDER-MAN” movie, entirely in LEGO. Coming 2027",2700.0,7.901377353792616,USD,US,Film & Video,Animation,Ann Arbor,MI,1758405151,1760489110,1763096340,0
1901,Ibis Maximus to Burning Man,"Ibis Maximus is a massive bike sculpture.  It weighs 1,000 pounds, and you must be 10' tall to ride.  We are taking it to Burning Man!",1000.0,6.90875477931522,USD,US,Art,Sculpture,Gerlach,NV,1373963659,1375212941,1376636340,1
1292,"From Me, To Me | The Album by Phresh Kyd","A 24-track album detailing the growth in my personal, mental, and artistry.",2500.0,7.824445930877619,USD,US,Music,Hip-Hop,Nashville,TN,1566932081,1567272541,1569214740,0
1372,MIND KIT: Maker Kit Exclusively for Robotics,"Make a robot with the most comprehensive, easy-to-use developer kit. Built exclusively for robotics. It's time to start building.",100000.0,11.51293546492023,USD,US,Technology,Robots,San Francisco,CA,1549535628,1550593961,1553182361,1
1172,Abidia,Un support d'apprentissage du malgache pour les petits et les grands,2500.0,7.824445930877619,EUR,FR,Publishing,Academic,France,Auvergne,1593900258,1595069946,1597705140,1
352,12 Sided Die -- Season 2,A romantic comedy about a group of friends that play a fictionalized Dungeons & Dragons game.,15000.0,9.61587214452889,USD,US,Film & Video,Webseries,Hollywood,CA,1689292778,1746146919,1748738919,1
306,PHANTOM LIMBS,A successful surgeon discovers his medical skills have been stolen by a very unique thief. A stand-alone comic book thriller.,2200.0,7.696667081526462,USD,US,Comics,Graphic Novels,Portland,OR,1710909312,1750077805,1752015600,1
1156,Prime Slinger Quick Caps (Micro Four Thirds mount),The lens changing system that photographers been waiting for | Patent Pending,97000.0,11.48247656671073,AUD,AU,Technology,Camera Equipment,Sydney,NSW,1595664575,1596410816,1601020800,0
1442,DEDICATION - based upon a short story by Stephen King,An eery fantasy drama about a young woman resorting to supernatural means to escape her past.,1500.0,7.313886831633462,EUR,DE,Film & Video,Horror,Berlin,Berlin,1532381431,1533884403,1536566400,1
1770,HearNotes Premium WireFree Earbuds - The Universal Edition,"Finally, truly wireFREE earbuds have arrived! HearNotes WireFree Earbuds w/ Kleer technology delivers HI-FI stereo music with NO WIRES!",75000.0,11.225256725762891,USD,US,Technology,Wearables,San Francisco,CA,1427322621,1430711141,1433735141,1
642,TRUE NOIR: The Assassination of Anton Cermak AUDIO DRAMA,"From ROAD TO PERDITION author MAX ALLAN COLLINS, based on his award-winning Nathan Heller novels.",30000.0,10.308985993422082,USD,US,Film & Video,Thrillers,Los Angeles,CA,1712776855,1721093024,1726277024,1
777,Dissent,A Dramatherapy Performance,2300.0,7.741099090035366,USD,US,Theater,Experimental,Hollywood,CA,1705182912,1708800817,1712944417,1
802,MMB AC4 Spinoff,Many 3D print modular robot parts STL files. Usable in all tabletop games,40.0,3.713572066704308,EUR,ES,Games,Tabletop Games,Seville,Andalusia,1709629723,1709648319,1710940719,1
689,Lord of Maps: Draws a Map,The How-to-Draw Maps book disguised as a children's book,5000.0,8.517393171418904,USD,US,Publishing,Art Books,Woods Cross,UT,1712943708,1718290878,1720882878,1
1916,"Tiny Games: Hundreds of real-world games, inside your phone.","An app that gets you playing the perfect game with your friends: wherever you are, whoever you're with, whatever you're doing.",25000.0,10.12667110305036,GBP,GB,Games,Mobile Games,London,England,1354284543,1363941571,1365842371,1
523,Genshin Impact Enamel Pins - Natlan Edition,"The Natlan expansion of my Genshin Impact hard enamel pins, featuring Mavuika, Il Capitano, Citlali, Xilonen, Dottore and Kinich!",800.0,6.68586094706836,EUR,DE,Fashion,Accessories,Frankfurt,Hesse,1730970067,1735236003,1737828003,1
1348,"Fairtrade, Vegan, Ethically made, hand embroidered sneakers","Hand Embroidered Classics made with completely sustainable materials. Organic Cotton, Fair Trade, Hand Crafted, Vegan.",30000.0,10.308985993422082,USD,US,Fashion,Footwear,Pleasanton,CA,1552943736,1555937305,1558529305,1
82,A Winter of Sci-fi & Fantasy: Vol 1 (Short Story Anthology),"Step into the season of starlight and sorcery—a dozen authors, endless adventures, all in one unforgettable Winter anthology.",1000.0,6.90875477931522,CAD,CA,Publishing,Anthologies,Saskatoon,SK,1760990152,1763480905,1766072905,1
1965,Animation in the City of Lights-Paris Inspired Animation,Raising funds to produce a French inspired animation for my Cal Arts Animation class that travels to Paris the last 2 weeks of March!,500.0,6.2166061010848646,USD,US,Film & Video,Animation,Paris,Ile-de-France,1327094361,1327096625,1330315200,1
1443,Scenes From The Life Of A Priest,"A short dramatic film about Father Bill Kirkpatrick, a gay priest who pioneered the delivery of AIDS care in 1980s London",6000.0,8.699681400989514,GBP,GB,Film & Video,Drama,London,England,1532940993,1533730743,1536322743,1
1802,MMDC and PROJECT 44: #wearemakingashow,Support the full-length premieres of Project 44 (P44) and Mari Meade Dance Collective (MMDC) at Danspace Project in NYC.,10000.0,9.210440366976515,USD,US,Dance,Performances,Manhattan,NY,1415476354,1416245965,1418785200,1
1832,Fish Cook: Digital Edition,Help bring this short economic strategy board game to mobile. Create recipes or steal your friends’ to become the best chef in France!,15000.0,9.61587214452889,USD,US,Games,Mobile Games,Palo Alto,CA,1404795960,1407221859,1409986740,1
580,Homiffi：Quick Heat or Cool in 3 Seconds for Improved Sleep,"PTC Ceramic Heating, 3-Second Rapid Heating, Low Noise At 30dB, Wireless Charging and More",3000.0,8.006700845440367,USD,US,Design,Product Design,Hong Kong,Hong Kong Island,1721737975,1727190017,1732374017,1
762,Gems of the Sea Enamel Pin Collection,Find yourself in the magical underwater world where all creatures shine like gemstones.,700.0,6.55250788703459,GBP,GB,Crafts,Stationery,Weston-Super-Mare,England,1706702036,1712941087,1714496400,1
1587,Making Activist Theology,"Activist Theology is a book project combining the poetry of Black Liberationist Organizer, Ree_Belle, & critical Liberation Theology.",8000.0,8.987321812850125,USD,US,Publishing,Academic,Nashville,TN,1495849384,1496072482,1501256482,1
54,Boom Ravers: A Trading Card Game Inspired by Rave Culture,"DJs, MCs, performers, musicians, ravers of rave culture through a unique, community-led trading card game. Printed by WJPC",3750.0,8.229777750081887,GBP,GB,Games,Playing Cards,Wales,England,1745837108,1765897200,1768262400,1
1362,Wolf & Phoenix Traveling Ethnography,An ethnographic collection of stories living life as an expat in Vietnam & understanding cultural assimilation.,3000.0,8.006700845440367,USD,US,Journalism,Web,Ho Chi Minh City,Ho Chi Minh,1551907527,1551982249,1555866649,0
316,Planet Of 1000 Moons,"Athena, a spacefaring, food truckin' chef scours the 864 moons of a dead planet for exotic ingredients and endangered alien species.",3000.0,8.006700845440367,USD,US,Comics,Graphic Novels,Baltimore,MD,1746489800,1748491157,1751342340,1
157,Carols for Congregations,A timely collection for guitar-led worship bands,1200.0,7.0909098220799835,GBP,GB,Music,Faith,London,England,1759431296,1759432752,1761598800,1
1562,'These Things Take Time' - Photo Series by Andrew Sandercock,'These Things Take Time' is a photobook which captures the meanderings of life in transit by Andrew Sandercock. Published by Studio LP.,2000.0,7.601402334583733,GBP,GB,Photography,Photobooks,London,England,1490552013,1505214552,1507806552,1
1371,Wooden Fractal Tray Puzzles 2,Four more fiendishly complicated tray puzzles based upon space filling fractal curves.,1000.0,6.90875477931522,GBP,GB,Games,Puzzles,Leicestershire,England,1551042292,1551211438,1553799838,1
977,Diary Gems,Diary Gems is an easy way to write a book and share it with the people you love.,49987.0,10.819538255605677,EUR,IT,Publishing,Anthologies,Florence,Tuscany,1660245769,1660255543,1662415543,0
1542,2018 Bacawlendar,Its your chance to get your very own 2018 calendar featuring your favorite Chicken! This year features the theme of Famous works of art,500.0,6.2166061010848646,CAD,CA,Photography,Fine Art,Toronto,ON,1510882423,1510944090,1512178380,1
997,Persuing the Ineffable: The Artwork of Michael Divine,Help us publish the next book of Michael Divine's newest paintings and drawings.,26000.0,10.165890277802454,USD,US,Publishing,Art Books,San Francisco,CA,1643835876,1653319585,1655911585,1
475,Common Bonds 2,An Anthology of Aromantic SFF!,11000.0,9.305741456739437,CAD,CA,Publishing,Fiction,Quebec,QC,1736386029,1739682016,1741647600,1
1007,Posi's Kitchen,Afro Infused Fast Casual Dining Experience,10000.0,9.210440366976515,USD,US,Food,Restaurants,Baltimore,MD,1619714786,1650306814,1652898814,1
1662,Formula Pi - Self-driving robot racing with the Raspberry Pi,Formula Pi is an autonomous racing series and robot racing club based around the Raspberry Pi.,2500.0,7.824445930877619,GBP,GB,Technology,Robots,Cambridge,England,1468661293,1469186139,1471892400,1
1922,Samurai Sword Soul 10th Anniversary Performance,"This is a Japanese drama mixed with Bunraku-style puppetry, contemporary dance, video projection and exciting samurai sword fighting!!",5000.0,8.517393171418904,USD,US,Art,Performance Art,New York,NY,1356618612,1357788766,1362108766,1
1231,This book will enhance suicide prevention.,This book will help in suicide prevention.,75.0,4.330733340286331,USD,US,Publishing,Academic,Boca Raton,FL,1581089733,1582653941,1585242341,1
439,Embrace Your Shadow: A Guide To Reclaiming Your Power.,"The ""Good Girls"" guide on how to reclaim the power that society conditioned you to reject.",500.0,6.2166061010848646,AUD,AU,Publishing,Nonfiction,Melbourne,VIC,1736490369,1741141819,1743730219,1
1124,Juke of June Live EP/Single Release,Exploring new sounds in our live sophomore EP,7000.0,8.853808274977197,USD,US,Music,Indie Rock,Nashville,TN,1606764071,1607119796,1609711796,1
702,A set of cushions for yoga and meditation. Natural handmade.,This is a handmade product made from the highest quality materials. Designed and sewn by a daily yoga practitioner.,3600.0,8.188966863648876,EUR,PL,Crafts,Weaving,Poznan,Silesian,1714557401,1716660029,1719252029,0
592,Calendario Lala Voo 2025,Calendario de pared 2025 con mis ilustraciones originales más un montón de extras y sorpresas ;),550.0,6.311734809152915,EUR,ES,Crafts,Stationery,Madrid,Madrid,1727099747,1729237139,1731671940,1
464,FUND BIG IRON'S NEW EP (or else),We're raising funds for the production and promotion of our new EP which we plan to release in 2025 through neat and cool incentives!,2000.0,7.601402334583733,GBP,GB,Music,Rock,Edinburgh,Scotland,1728760684,1737132833,1742313233,1
1866,"Funding for the music video of ""Survive (before I die)""","We are looking to raise funds to created a music video for James Gillespie's debut single ""Survive (before I die)"".",2000.0,7.601402334583733,GBP,GB,Music,Indie Rock,London,England,1391119403,1391637284,1393797284,1
1298,Apartment 4B,My very first mixtape,3000.0,8.006700845440367,USD,US,Music,Hip-Hop,Bronx,NY,1561782238,1562248524,1567432524,0
1690,Wheels EP - Natan Wythe,"I'm finally recording my first studio EP with a full band. I need money for the musicians, mixing, mastering, and studio time!",2250.0,7.719129840906732,USD,US,Music,Country & Folk,Boston,MA,1457749320,1460138417,1462730417,1
552,Emotions Workbook & Activity Book for Kids,"80 pg SEL workbook exploring emotions, thoughts, actions & coping skills for kids aged 5-12+. Ideal for teachers, parents, counselors.",250.0,5.5254529391317835,USD,US,Publishing,Children's Books,Philadelphia,PA,1729506124,1732647601,1734238740,1
1672,Raymond,A short gay psychothriller set in the small-town woods of the Pacific Northwest.,9000.0,9.105090961257083,USD,US,Film & Video,Narrative Film,Los Angeles,CA,1466463302,1466539312,1468133940,1
478,Metune,Votre protection contre le vol d'argent sans contact / Your protection against contactless money theft,20000.0,9.90353755128617,EUR,FR,Technology,Gadgets,Vendargues,Languedoc-Roussillon,1697633566,1737618629,1741589429,0
981,Walk With Me Impact,Destroying the path to incarceration through education in our communities,25000.0,10.12667110305036,USD,US,Publishing,Academic,San Diego,CA,1657239189,1659423638,1662015540,1
944,The Cage,"WashU Student Film. ""The Cage"" focuses on a waitress and her deep relationship with her phone and an unnerving customer.",1500.0,7.313886831633462,USD,US,Film & Video,Horror,St. Louis,MO,1665711053,1667276359,1668489559,1
1781,Stryd – The World’s First Wearable Power Meter for Running,"Stryd is the world’s first wearable power meter. With your support, we’ll give runners the one number that can help them run better.",50000.0,10.819798284210286,USD,US,Technology,Wearables,Boulder,CO,1424581013,1425385012,1428837412,1
1998,Animalia Animation,"Animalia tells an enchanting story about human-animal relations, secret bee societies and haunted circus scenes.",1000.0,6.90875477931522,USD,US,Film & Video,Animation,New York,NY,1278977941,1283828908,1287205140,1
238,Disney advent calendar: anniversary edition,Give yourself a little magic everyday in the first 25 days of december. A Disney advent calendar with Disney and pixar themed stickers!,180.0,5.198497031265826,EUR,NL,Crafts,Stationery,Utrecht,Utrecht,1754733355,1755022058,1756836458,1
625,AVANTGO—All-in-One Mini Home Gym for On-the-Go Workouts,"The palm-sized and lightweight home gym provides power 3-60kg resistance full-body workouts, allowing you to set up your personal gym.",31900.0,10.37039263624398,HKD,HK,Technology,Gadgets,Hong Kong,Hong Kong Island,1724316346,1725537441,1727697441,1
1346,The Rink - post production for the short horror film,Putting the finishing polishes (sound mix and festival entries) on a blood curdling horror short set in a roller rink in Texas!,4000.0,8.294299608857235,USD,US,Film & Video,Horror,Austin,TX,1553640599,1555977433,1558760340,1
1852,Lily and Ana - Create Bracelets as Unique as You!,I want to create beautiful and unique jewelry made with genuine materials that's affordable to everyone and empower you to do the same!,2000.0,7.601402334583733,USD,US,Fashion,Jewelry,New York,NY,1400162751,1401743491,1404187140,1
1307,56 Months In Atlanta: A New Podcast Series by B.T. Harman,"The lost story of how spies, villains, and midnight vigilantes nearly destroyed the South's grandest city. Coming Fall 2019.",60000.0,11.002116507732016,USD,US,Publishing,Radio & Podcasts,Cabbagetown,GA,1562358961,1563306751,1565898751,1
202,Project Blazed VR: Immersive Gaming with Haptic Feedback,"Experience the future of VR with haptic vests, real-time feedback, and full-body immersion.",90000.0,11.407576060361786,USD,US,Technology,Wearables,Kansas City,MO,1755665153,1756466972,1759058972,0
1730,Saiku Reporting - Interactive Report Designer,Building adhoc reporting into Saiku Analytics for Open Source report design and development.,15000.0,9.61587214452889,GBP,GB,Technology,Software,London,England,1447670874,1447703848,1449431848,1
270,THREAD & THRASH: ISSUE #1 “No Powers. Just Problems.”,No Capes. No Morals. Just a Damn Good Time. A Punk Rock Dumpster Fire of a Comic—You’ll Love It or Burn With It.,2500.0,7.824445930877619,USD,US,Comics,Comic Books,Talent,OR,1750626811,1751830774,1754422774,0
1732,"hand made, unique woolen rugs for your home.",I am an owner of one-man company Artefakt Rugs creating unique woolen rugs. Each of them can be made based on any design you want!,2000.0,7.601402334583733,EUR,IE,Crafts,Weaving,Thomastown,Kilkenny,1442603861,1444054131,1449241731,0
1737,321: Fast Comics Vol. 2,"3 Pages, 2 Characters, 1 Twist Ending... RELOADED! New volume of the hit anthology series with more stories and bigger artists \\o/",12000.0,9.39274525863144,USD,US,Comics,Anthologies,Miami,FL,1441349252,1444058847,1447804800,1
161,ASTRAL VENGEANCE Issues #1-5: Sci-fi action horror/thriller!,"FINAL ISSUE (#1-5) of the cool REVENGE TALE in the highly-acclaimed ""ASTRAL"" series! Also avail.: ""ASTRAL THRILL3GY"" SAGA (333 pages!)",4000.0,8.294299608857235,USD,US,Comics,Graphic Novels,Jacksonville,FL,1749526646,1758650404,1761274800,1
1255,Compatible - Interactive Thriller Horror feature film,Compatible - dating site or gruesome nightmare?,20000.0,9.90353755128617,USD,US,Film & Video,Horror,Denver,CO,1576014090,1576232875,1579161540,1
174,NÉON,Livre d'Art Photographique de Portraits Masculins Bodypositifs,750.0,6.621405651764134,EUR,FR,Photography,People,Charleville-Mézières,Champagne-Ardenne,1757184679,1758170392,1760762392,1
1054,I'm Starting a DIY Vinyl Production Revolution,I want to build a stereo vinyl cutting machine that would offer affordable short-run records to musicians in the Chicagoland DIY scene.,3100.0,8.03947991910045,USD,US,Technology,DIY Electronics,Chicago,IL,1635915389,1637128070,1639720070,0
862,UGOT Robotic Kit - Future Crafted Now,One Kit to Build 7+ Robots｜Fast Assembly with Modular Design｜Powerful AI Features｜Works with ChatGPT｜Graphical/Python Programming,156918.0,11.96348502762921,HKD,HK,Technology,Robots,Kowloon,Kowloon,1685599306,1693493483,1698677483,1
1760,Royal FLUX Dance Company,Making the impossible...POSSIBLE,10000.0,9.210440366976515,USD,US,Dance,Dance,Los Angeles,CA,1435615622,1436288436,1437501600,1
1460,Waterbot: Arduino Water Robotics Kit For STEM Education,"An Arduino robotics kit for your pool, pond, or tub. Build it, control it, reprogram it.",3000.0,8.006700845440367,USD,US,Technology,Robots,Boise,ID,1530197605,1531148224,1533740224,1
1398,Upgrade Streaming Server/Mobile Apps for HorrorCircle.com,Streaming Server Upgrades / Mobile Applications for HorrorCircle.com,1000.0,6.90875477931522,USD,US,Technology,Web,Kansas City,MO,1544407457,1545229807,1549117807,0
1735,ZompireWolf - a Zombie/Vampire/Werewolf hybrid!,"ZompireWolf is part Zombie, part Vampire, part Werewolf... and all trouble! A new adventure in endless running gaming!",15000.0,9.61587214452889,EUR,IE,Games,Mobile Games,Dublin,Dublin,1434114895,1445641923,1448410323,1
1283,MillRight CNC Mega V Router and Plasma System,"This is the next level of affordable, high performance CNC.  The Mega V comes as a CNC router, plasma table, or hybrid.",125000.0,11.736077016252436,USD,US,Technology,Fabrication Tools,Dawson,GA,1566341104,1568761206,1571353206,1
1974,Crania Anatomica Filigre: Me to You,"I'm Joshua Harker, I am an artist.  I figured out how to make the unmakeable.  I want to share it.",500.0,6.2166061010848646,USD,US,Art,Sculpture,Chicago,IL,1311886048,1315542382,1319430382,1
1615,2017-18 Fireball Newsflash Crosswords,Twenty current events crosswords that will be sent out over the course of a year. Many puzzle answers will be taken from current news.,8000.0,8.987321812850125,USD,US,Games,Puzzles,Great Neck,NY,1484328557,1486522855,1488769200,1
650,KT2 Kungfu Turtle: Your Pocket-Sized Robot,"Your Desktop Toy, Portable Fighter Bot, Programmable Turtle, and Work Companion - All in One.",10000.0,9.210440366976515,USD,US,Technology,Robots,Seattle,WA,1715221962,1721736019,1725624019,1
1736,The Wearable Camera for Athletes,"Look good, feel good, play great. A first of its kind camera made for athletes, to amplify a new wave of learning and highlight sharing",40000.0,10.59665973278358,CAD,CA,Technology,Wearables,Waterloo,ON,1443928916,1445338602,1447970400,1
1278,Spark Christian Podcast Conference,Sparking Conversations for the Kingdom,5500.0,8.612685172875459,USD,US,Publishing,Radio & Podcasts,Houston,TX,1569551442,1570155749,1572577200,1
1543,Art Nudes: Exploring The Female Form,WARNING!  This page NSFW.  Art and glamour nude project with female model form.  This project will include photography & video.,650.0,6.478509642208569,CAD,CA,Photography,People,Toronto,ON,1509566294,1509573201,1512168801,1
209,"NIVARI Eden: The Most Refined Luxury Watch Under €1,500","High-end metal finishing meets daily wrist-comfort. Featuring our EMS micro-adjustment and our signature, top-grade bracelet",19000.0,9.852246888342531,EUR,DE,Design,Product Design,Cologne,North Rhine-Westphalia,1753983059,1756645197,1758459597,1
194,Mythos Majesty I - Woven Blanket Collection,"A woven blanket collection embracing the magic of mythical creatures, inspired by the mille-fleur style of Middle Age tapestries.",9300.0,9.137877200242468,USD,US,Art,Textiles,Austin,TX,1755825953,1756826256,1759418256,0
1953,The Garden of Opportunities,The project wants to bring awareness about child labor among Latin American immigrant farm workers.,5000.0,8.517393171418904,USD,US,Art,Sculpture,Brooklyn,NY,1332945699,1334201827,1336793827,1
1524,Coffee at Midnight | A Thesis Film by Avery Duncan,Two men spend a wintry night in backwoods Pennsylvania trying to have a conversation.,5000.0,8.517393171418904,USD,US,Film & Video,Narrative Film,Brooklyn,NY,1511736314,1511973373,1514997373,1
640,Handcrafted flower ear pins,Macrame flowers add a decorative touch to our ear pins. A beautiful and unique eye-catching accessory that is sure to turn heads.,1375.0,7.226936018493289,USD,US,Fashion,Jewelry,New York,NY,1722519176,1722531878,1726419878,0
1782,Fetti Films Fund,"I am looking to start a production company in Brooklyn, NY and to get my business running strong I am looking to raise $100,000",100000.0,11.51293546492023,USD,US,Art,Video Art,Brooklyn,NY,1422941659,1423337141,1428381240,0
147,Cthulhuween: The Cult Horror Trilogy,Three collectible poker decks of Lovecraftian myths and cult horror legends.,8000.0,8.987321812850125,EUR,ES,Games,Playing Cards,Barcelona,Catalonia,1756823562,1760367670,1761980400,1
573,RocketInk Titanium Pocket Pen: Ballpoint & Fountain Options,"Tiny but Mighty: Weighs 0.7oz & Folds to 3.35"". Precision Crafted in GR5 Titanium for Reliable Everyday Use — Anywhere, Anytime!",30000.0,10.308985993422082,HKD,HK,Design,Product Design,Chicago,IL,1728457043,1730209928,1732805528,1
252,POP CULTURE & 2 MINUTE NOODLES hardcover comics anthology,Cult '90s Melbourne share-house comics by Dillon Naylor and a selection of Australia’s finest comic artists,4999.0,8.517193191416238,AUD,AU,Comics,Anthologies,Ballarat,VIC,1722395793,1753357984,1755949984,1
983,Hogwartz Hardcore (Harry Potter Parody Album),"A ""hardcore"" soundtrack based on characters from Harry Potter. Adult humor is a focus on this album",500.0,6.2166061010848646,USD,US,Music,Comedy,Foresthill,CA,1645554450,1657665742,1660257742,0
876,LazerMaze,"""Bring Fun and Excitement Into Any Room with LazerMaze!""",50000.0,10.819798284210286,USD,US,Games,Live Games,Columbia,SC,1690499576,1691380140,1693972140,0
687,A Dinner For Five & A Late Guy - A Dance Film,A short dance film that follows five vibrant characters that meet at a dinner party and one who never makes it.,9500.0,9.15915233520675,EUR,IT,Film & Video,Experimental,Shanghai,Shanghai,1716467715,1718544690,1721136690,0
863,Colorpik Pen : Copy And Draw With 16 Million Colors,Scan and Draw Colors in Seconds | RGB Sensor | Refill Ink Cartridges | Multiple Nibs | Exclusive Applications | Rechargeable Battery,5000.0,8.517393171418904,USD,US,Crafts,Stationery,Elmhurst,NY,1688730770,1693310234,1698494234,1
19,InculpAble- Serie Animada,"Una serie Animada, sátira y crítica sobre el uso de la IA, drama y humor",108000.0,11.58989576532275,MXN,MX,Film & Video,Animation,Bogota,Distrito Especial,1766527855,1767575518,1771463518,0
1849,"Fund A Midwest Fashion Truck:""Bringing you fashion curbside""","A campaign to take a plus size boutique from online to on wheels by renovating a step van box truck into a mobile ""truck-tique!""",6500.0,8.77971129020447,USD,US,Fashion,Ready-to-wear,St. Louis,MO,1400017364,1400332264,1405516264,0
1643,The Two Tracks SECOND ALBUM,The Two Tracks are going to Nashville to record a new album produced by Will Kimbrough!,16000.0,9.680406499268877,USD,US,Music,Country & Folk,Sheridan,WY,1473708143,1476204812,1478318400,1
1718,ZombieGo! for iOS and Android,Is your local supermarket contaminated by an undead plague? Could you deliver a cleansing cure? You'll have to check-in to find out...,1000.0,6.90875477931522,USD,US,Games,Mobile Games,Erie,PA,1451448187,1451663514,1454255514,1
1873,DigiPixel. An LED Game Shield For Your Arduino or Digispark.,"Make programming fun by creating your own games, animations and more with the DigiPixel shield. With free worldwide shipping!",10000.0,9.210440366976515,AUD,AU,Technology,DIY Electronics,Tolland,NSW,1384167422,1386673866,1389348000,1
557,Every Life Matters: Stories of Cats Who Beat the Odds,"Support 400 rescued cats with life-saving care. Through art, celebrate their courage and help them embrace a second chance at life.",100.0,4.61512051684126,AUD,AU,Art,Social Practice,Shanghai,Shanghai,1731556033,1732086435,1733814435,1
1439,The Grass Roots Fed Chicken Head Project (Pat),Gifting 50 free tickets to the Project Pat show featuring Corey Bigbie for those who can't afford to go.,700.0,6.55250788703459,USD,US,Music,Hip-Hop,Pensacola,FL,1537820045,1538365852,1538769600,0
1887,Groovebox Studios Presents Bristol Street,"Bristol Street is heading to GBS Detroit on Friday, November 1st to record and film a live EP and video.",1200.0,7.0909098220799835,USD,US,Music,Indie Rock,Detroit,MI,1381760691,1382026250,1383278340,1
1254,Invincible,Invincible.mobi is a next generation social networking platform.,500.0,6.2166061010848646,USD,US,Technology,Web,Houston,TX,1573956352,1574581873,1579765873,0
620,From Hash Rebels to Urban Guerrillas: A Documentary History,The first history of an antiauthoritarian armed resistance group from the 60s and 70s who challenged the rule of the state and capital.,3000.0,8.006700845440367,USD,US,Publishing,Nonfiction,Oakland,CA,1725075177,1725879914,1728086460,1
1580,Capturing the Light,A book of photographs of beaches.,6500.0,8.77971129020447,USD,US,Photography,Photobooks,Brookline,MA,1500920336,1501196842,1503788842,1
726,The Dungeon's in the Details,Where trivia meets a dungeon crawler: answer trivia questions to gain Action Points and progress through a series of rooms.,50000.0,10.819798284210286,USD,US,Games,Tabletop Games,Charlotte,NC,1700063758,1711934250,1717118250,0
693,The Bikini Project:Unapologetic Swim Takes Over The World!,"Dive into the revolution: embracing confidence, empowerment, and Unapologetic style. Aiming to show WAU Swim to a grander audience.",7000.0,8.853808274977197,USD,US,Fashion,Couture,Milan,Lombardy,1717694806,1718145428,1720737428,0
1948,Latin Classical CD,Latin classical music from the Americas !,2500.0,7.824445930877619,USD,US,Art,Performance Art,Dallas,TX,1333727084,1334018827,1339202827,1
1168,Desiderio Imperfetto - Short Film,"Un corto LGBT drammatico che parla di crescita, solitudine e della complicata relazione tra due persone di generazioni distanti.",3578.0,8.182838710766026,EUR,IT,Film & Video,Shorts,Vicenza,Veneto,1593161922,1595412394,1598263594,1
1584,YES! Mustang and Gordon's New Short Film - Tertium Quid,"Gordon has fallen spiritually. He finds a mysterious woman in a bar holding court. Out back, worldviews are sold on the black market.",6500.0,8.77971129020447,USD,US,Film & Video,Narrative Film,Dallas,TX,1500349658,1500861164,1501821900,1
1989,The Love Yourself Project,The Love Yourself project organizes ongoing demonstrations in cities worldwide to spread a message of unconditional self-love!,3500.0,8.160803920954665,USD,US,Art,Performance Art,New York,NY,1294006082,1294110030,1296702030,1
822,Toadshrooms: Enamel Pin Collection,A little enamel pin collection of creatures inspired by toadstools and mushrooms.,750.0,6.621405651764134,USD,US,Art,Art,Los Angeles,CA,1706087614,1707892156,1709188156,0
714,Precision Art Designs: Unique Memorial and Wedding Plaques,Preserving memories for a lifetime is what I plan to help you do. Crafting unique wedding and memorial plaques is the way to do it.,15000.0,9.61587214452889,USD,US,Crafts,Woodworking,Jasper,AL,1715088617,1715225597,1717817597,0
1629,Dirty Oracle. Honest toilet paper.,Our aim is to create something that can make people put their smartphones away while sitting on a toilet seat.,14300.0,9.568084743872936,GBP,GB,Crafts,Printing,Kyiv,Kyiv City Municipality,1481236523,1482569864,1484384264,0
1899,"Join us in releasing our New Album - ""Bound For Glory!""","GCR has recorded its second full-length album, ""Bound For Glory."" Pre-order the album here and help us master and duplicate the record!",2500.0,7.824445930877619,USD,US,Music,Indie Rock,Weatherford,OK,1374377188,1375552575,1377414000,1
315,Cutielutions - Adorable Eeveelutions Acrylic Pins & More,"Discover cute eevee and its evolutions as pins, keychains, stickers & more! Hunt down rare shiny versions and collect them all!",300.0,5.707110264748875,EUR,NL,Fashion,Accessories,The Hague,South Holland,1747515971,1748801838,1751393838,1
1022,Datura,A student-led police drama that entails a Live Youtube video of a masked figure claiming responsibility for the murder of a CEO,2500.0,7.824445930877619,GBP,GB,Film & Video,Television,London,England,1643712129,1644265549,1648248300,0
1018,Illucid: Exploring Dreams - The NSFW Art of Galen Ihlenfeldt,"A 120+ page collection of NSFW illustrations, including sketches and works-in-progress for each illustration!",1600.0,7.378383712996715,USD,US,Publishing,Art Books,Waco,TX,1644906120,1647274260,1649866260,1
490,Lyra's Discovery,Love blooms between a lost astrobotanist and a fearless radio engineer in this sapphic Sci-Fi thriller—where truth is as vast as space.,1000.0,6.90875477931522,GBP,GB,Film & Video,Science Fiction,Cornwall and Isles of Scilly,England,1736598286,1736855732,1740095940,1
1334,A Day in the Life,An independent album/visuals that will target the Hip Hop and R&B Genre & will change the course of the entertainment Industry.,5000.0,8.517393171418904,USD,US,Music,Hip-Hop,Los Angeles,CA,1552375535,1555721225,1560905225,0
1761,Alopecia Song - Jerome Joyce - Support Music Video,This project is to fund a music video for my song called Alopecia to spread awareness and share experiences living with this disease.,500.0,6.2166061010848646,USD,US,Art,Video Art,Syracuse,NY,1431986257,1432157197,1437341197,0
517,"Power in Pocket, Life on Track: PowerGo WN01",Reliable and Hassle-Free Charging Experience,15500.0,9.648659816955297,HKD,HK,Technology,Gadgets,Wan Chai,Hong Kong Island,1728453707,1735822790,1738414790,1
519,What's in the box?,"It's about the question, not the answer.",25000.0,10.12667110305036,AUD,AU,Art,Performance Art,Perth,WA,1736751863,1736921167,1738339200,0
263,Drive2Connect,Reimagining CB radio for travelers because the most powerful thing on the road isn’t GPS—it’s connection.,45000.0,10.714439990727769,USD,US,Technology,Apps,Atlanta,GA,1745079391,1751331133,1755219133,0
1061,Awesome Africa Jigsaw Puzzle w/ Box (Limited Edition),"Africa as an Engaging, Educational & Inspirational jigsaw puzzle :)",7000.0,8.853808274977197,GBP,GB,Games,Puzzles,London,England,1631541580,1632053799,1635105600,0
272,TPScoreboard: electronic scoreboard for Padel,"An innovative electronic scoreboard designed specifically for Padel. Affordable, practical, lightweight, and portable",3000.0,8.006700845440367,EUR,IT,Technology,Hardware,Rome,Lazio,1748908443,1749202481,1754386481,0
989,Ithalia Johnson Album Pre-sale,It takes a Village to Raise an Artist and an Artist can raise up a Village,21720.0,9.986034813503691,USD,US,Music,Indie Rock,Astoria,NY,1653831275,1655829653,1658421653,1
1606,DEAD QUIET - A Short Horror Film,"Alone in a world gone silent, the last human struggles with the difference between survival and staying alive.",10000.0,9.210440366976515,GBP,GB,Film & Video,Horror,Nottingham,England,1486061635,1490767213,1493411400,1
1928,"""38th Parallel"" Animation Project","An animated series about Meat Hook, a washed-up American rock band that discovers they are wildly popular in North Korea.",15000.0,9.61587214452889,USD,US,Film & Video,Animation,Los Angeles,CA,1347599374,1352943262,1355796180,1
810,FEMALE NINJA GIRLS VS SPACE GIRLS,"A high-quality Figurines, STL file, 3D printable Presupported Minis",2500.0,7.824445930877619,MXN,MX,Games,Tabletop Games,Mexico City,Distrito Federal,1707014707,1707963835,1709779740,1
234,FLUX: Volume Two,"The next volume of the epic sci-fi saga FLUX, collecting issues #6 - #10",600.0,6.398594934535208,GBP,GB,Comics,Graphic Novels,Sheffield,England,1751179741,1754464532,1757056532,1
740,Mike Deodato: FRAMES,"A brand new graphic novel by Mike Deodato Jr., comes to Kickstarter in a gorgeous edition featuring 18 unpublished stories!",3500.0,8.160803920954665,USD,US,Comics,Graphic Novels,Orlando,FL,1676677282,1713020407,1716044407,0
91,"BRÌA: Jewelry & Accessories, Designed for a Legacy","Gain exclusive access to our launch collection: 'Larmes De Pierre'. Timeless jewelry in 14K Vermeil, Sterling Silver + accessories.",2000.0,7.601402334583733,AUD,AU,Fashion,Jewelry,Sydney,NSW,1756768209,1760327535,1765342335,0
1049,Biological Modeling: A Short Tour,A new textbook in biological modeling from the co-founder of Rosalind and Bioinformatics Algorithms,10000.0,9.210440366976515,USD,US,Publishing,Academic,Pittsburgh,PA,1638757357,1639514541,1642309140,1
1701,Calpernia: Original Acoustic Album,"I have a life-changing opportunity to finish my original album of acoustic music, but I need a little help & there's not much time!",8000.0,8.987321812850125,USD,US,Music,Country & Folk,Los Angeles,CA,1457965964,1457971433,1459443600,1
1110,Major Van Winkle: Young and Famous,"A documentary about Major Van Winkle, the late beloved hip-hop artist and songwriter from Philadelphia.",50000.0,10.819798284210286,USD,US,Film & Video,Documentary,Philadelphia,PA,1615248250,1615648109,1618358400,1
1243,The Afro HipHop of Opposition,Alké Rap Revolution,2500.0,7.824445930877619,GBP,GB,Music,Hip-Hop,London,England,1576595320,1576597133,1581781133,0
1016,Headaches & Heartbeats: A Debut Album from Annika Franklin,"Headaches & Heartbeats is an indie rock record, and it will be Annika's first full-length release as a solo artist",1500.0,7.313886831633462,USD,US,Music,Indie Rock,Montclair,NJ,1646250402,1646344129,1650228529,1
996,That Southern Flamingo,A personalized gift shop for all your custom gift needs! Support us this season and get some amazing custom rewards  ♥ ♥ ♥,4500.0,8.412054873292933,USD,US,Crafts,Printing,Sarasota,FL,1652380616,1653510618,1656102618,0
1919,Penn State SOMA Arts Crawl 2013,"Arts Crawl is a day long event designed to showcase local talent of all kinds: Music, painting, dancers, fashion, film, and more!",800.0,6.68586094706836,USD,US,Art,Performance Art,University Park,PA,1362514014,1362609240,1364601600,1
1081,There's Someone Here - Short Horror Film | Distribution,"Focusing on fear, over scares. 

A film by Ryan de Rooy",300.0,5.707110264748875,AUD,AU,Film & Video,Horror,Melbourne,VIC,1619617335,1621220511,1626404511,1
331,Amplifying Diverse Voices-The Catalog of Diverse Kids Books,"A Global Movement of More Than 100 Indie Authors to Preserve Diversity, Equity, Inclusion, and Belonging in Children's Literature",1250.0,7.1316985104669115,USD,US,Publishing,Children's Books,Philadelphia,PA,1745490505,1747760376,1750352376,1
628,Dual-Layer Nano Waterproof Outdoor Amphibious Shoes,"Stay Dry, Stay Comfortable: Revolutionizing Outdoor Gear！An outdoor Adventure must-have！",184344.0,12.124564280972804,JPY,JP,Fashion,Footwear,Tokyo,Tokyo Prefecture,1720768686,1723732989,1727620989,1
882,"Something About This Place - Debut Album, Thrillhouse VINYL","Debut LP from UK band Thrillhouse. It is a story of childhood, failure and acceptance. We want to put it out on Vinyl.",1750.0,7.467942332285852,GBP,GB,Music,Indie Rock,Brighton and Hove City,England,1642609063,1688282569,1691189940,1
1197,"""Elvis Doesn't Live Here Anymore""--A Vegas-based TV pilot","In 2020, a distraught father comes to Las Vegas and searches frantically for his missing son who has changed his name to Elvis #16,495.",500.0,6.2166061010848646,USD,US,Film & Video,Television,Las Vegas,NV,1581385177,1590173018,1592765018,0
296,P.A.I.N. Short Film Production,A short psychological drama passion project exploring modern relationships and the impact of how societal norms and contrasting family,5000.0,8.517393171418904,GBP,GB,Film & Video,Drama,London,England,1749926970,1750842025,1752829225,1
1006,Murder at the Speakeasy: a 1920s Murder Mystery Party,A unique Murder Mystery Party that you can play at home with your favorite people. Impress your friends with a party to die for,9000.0,9.105090961257083,USD,US,Games,Live Games,Escondido,CA,1644353617,1650387809,1652979809,1
843,Mushroom Daydream Coloring Book,Explore lush mushroom forests and fungal jungles in this fantastically detailed coloring book.,2000.0,7.601402334583733,USD,US,Publishing,Art Books,Portland,OR,1702384634,1702571752,1704907500,1
419,"Japanese Gardens Vol. 2 | Shirts, Socks & Pin Collection","Our second collection of shirts, socks and enamel pins featuring a cute and mythical Japanese garden theme.",200.0,5.303304908059076,EUR,DE,Art,Textiles,Hamburg,Hamburg,1741181626,1743782513,1745258400,1
168,Lands of Toons Visitor/Intruder #1: Collector's Edition,"Printing Holofoil, and Metal versions of 26-page new book as well as previous issues with Glow-In-The-Dark option for the Spooky book.",500.0,6.2166061010848646,USD,US,Comics,Comic Books,Baltimore,MD,1757266241,1758481680,1761073680,1
1148,Cowboy Curtys Debut Album,Songs are ready. Studio days booked. We need your support to get it across the finish line.,4000.0,8.294299608857235,USD,US,Music,Indie Rock,Atlanta,GA,1598562856,1599232632,1603120632,1
1146,ONEIROID PSYCHOSIS - Anhedonia,This is the 7th album from Oneiroid Psychosis,1000.0,6.90875477931522,USD,US,Music,Electronic Music,Madison,WI,1595542904,1598941740,1604125740,1
771,XbotGo Chameleon Al-Powered Sports Tracking Phone Mount,Team Sports Tracking|Specific Player Tracking|360° Tracking|Live Streaming|Auto Editing|No Subscription,5000.0,8.517393171418904,USD,US,Technology,Camera Equipment,Los Angeles,CA,1701847360,1710855644,1713447644,1
1569,Shadows of the State,"A photobook about numbers stations, covert transmissions between intelligence agencies and their undercover operatives.",10800.0,9.287394001418471,GBP,GB,Photography,Photobooks,London,England,1502267496,1504600465,1506456000,1
1504,KicoBox- A Robot like Rubik’s Cube to Teach Coding,"Let everyone fall in love with coding with KicoBox, the robot that turns anywhere into an interactive coding experience.",10000.0,9.210440366976515,USD,US,Technology,Robots,Tustin,CA,1515057418,1519917122,1522159922,1
574,The Press Guardian 1 & 2,"A badass, freedom of the press defending, disinformation fighting, Nazi-punching redhead. Taking on Big Tech, Russians and Nazis!",1000.0,6.90875477931522,USD,US,Comics,Comic Books,Northern Virginia,VA,1728679998,1730735025,1732549425,1
1774,Food Porn Anthology - Lady-created Erotic Comics,"Anthology showcasing a diverse selection of original, lady-created, sex-positive, queer -friendly Erotic Comics",25000.0,10.12667110305036,USD,US,Comics,Anthologies,Port St. Lucie,FL,1422419588,1428327604,1430919604,1
326,"""Desire of a RedHead"" Vol. II ""CIAO AMORE""","Nude Art Photobook, Video and Polaroid",500.0,6.2166061010848646,EUR,IT,Photography,People,Milano,Lombardy,1748277917,1748895116,1750623116,1
933,Folly of Gossip,"Nostalgic images from the Golden Years on Oxford Street, a celebration of Queer culture, a loving tribute to Sydney's drag scene.",30000.0,10.308985993422082,AUD,AU,Publishing,Art Books,Sydney,NSW,1664164041,1668326160,1671107220,1
1609,The Maze: A First-Person Perspective Puzzle Book,"Everyone's solved mazes while looking from above. That's child's play!  When you're actually in the maze, everything looks different!",2500.0,7.824445930877619,USD,US,Games,Puzzles,Brambleton,VA,1485787169,1486422117,1491256917,1
325,BareBag: The Future of Urban Carry,"A hook you can wear. A sleek, sustainable EDC cross-body bag with modular carry design — for hands-free freedom in urban life.",39000.0,10.5713425658087,HKD,HK,Design,Product Design,Hong Kong,Hong Kong Island,1740538412,1748058035,1750650035,1
1302,1$ Web Family Tree,"Tired of non transparent payment rules. 
1$ for the whole family tree per year per editor and no more extra expenses.",800000.0,13.592368256649284,DKK,DK,Technology,Web,Malmö,Skane,1530385510,1561646282,1566830282,0
99,"Dorfgekloppe – Chaos, Strategie & jede Menge Kloppe!","Ein taktisch-chaotisches Kartenspiel voller absurder Dorfbewohner, magischer Flüche und epischer Kämpfe. Wer zuletzt steht, siegt",1000.0,6.90875477931522,EUR,DE,Games,Playing Cards,Alt-Saarbrücken,Saarland,1738157437,1762155047,1764747047,1
1939,D20 Burlesque Performs at Gen Con Indy!!,"Help D20 Burlesque, NYC's premier gaming themed burlesque troupe,  perform at Gen Con Indy, THE gaming con!",1000.0,6.90875477931522,USD,US,Art,Performance Art,Indianapolis,IN,1342490261,1343754866,1345089540,1
682,HikeGuard+: Your 16-in-1 Outdoor Safety Companion,"Enhance your outdoor adventures with HikeGuard+, the compact, multi-functional device for hikers, campers, and adventurers.",25900.0,10.16203685698089,USD,US,Technology,Wearables,St. Paul,MN,1716416293,1717246425,1721624340,0
340,Ortomi Umi - Tiny Companions for Everyday Adventures,Adorable & interactive robots with a lot of personality,50000.0,10.819798284210286,AUD,AU,Technology,Robots,Adelaide,SA,1746062457,1747405800,1749565800,1
1552,Live Music or Event (NawE)(https://soundcloud.com/cloudmang),I'm trying to invest a into booking a show within my local town to promote my music and contribute to the culture in my community.,1500.0,7.313886831633462,CAD,CA,Music,Hip-Hop,Barrie,ON,1507308861,1507345939,1509941539,0
11,"""KIRIDASHI KNIFE"" | Masterfully Forged Japanese Pocket Knife","Compact, lightweight, and razor-sharp, crafted by Samurai Swordsmiths ─ This Japanese knife blends tradition and practicality.",200000.0,12.206077645517674,JPY,JP,Design,Product Design,Tokyo,Tokyo Prefecture,1741076411,1768312448,1772200448,1
1724,Mend,"A son needs money from his rich, estranged father to make his way through college, but what they both really need is each other.",3500.0,8.160803920954665,USD,US,Film & Video,Narrative Film,Purchase,NY,1448311257,1449260289,1450976400,1
266,Yabut Studio: Debut Fashion Collection for NYFW 2026,Supporting the production and presentation of an original runway collection.,29000.0,10.275085591132717,USD,US,Fashion,Couture,Sacramento,CA,1750688177,1752159800,1754751800,0
1219,Big Happiness,A short documentary about transracial adoption.,10000.0,9.210440366976515,USD,US,Film & Video,Shorts,Minneapolis,MN,1579804895,1584115827,1586707827,1
646,Before The Memory Fades,A film camera store owner who silently witnesses a young photographer’s life unfolds through the photos he develops.,2000.0,7.601402334583733,GBP,GB,Film & Video,Drama,London,England,1722966883,1723487454,1726079454,1
489,Machine Angel: Short Film,A shut-in obsessed with proving his religious delusions uses technology to craft his own angel.,500.0,6.2166061010848646,GBP,GB,Film & Video,Experimental,Norwich,England,1734539483,1734986670,1740170670,1
477,Bringing Yosakoi to the World – A New Performance in UK,We are creating a brand-new Yosakoi performance inspired by Kyoto's traditions and bringing it to UK. Join us in making this happen!,300000.0,12.611541086966117,JPY,JP,Art,Performance Art,Kyoto-shi,Kyoto Prefecture,1725439466,1739025366,1741613766,0
1393,SINEE Onlinekurse und Masterclasses,"SINEE goes Online mit einer umfangreichen Elearning Plattform. Masterclasses von namhaften Produzenten, How To Make A Track Kursen uvm",2500.0,7.824445930877619,EUR,DE,Music,Electronic Music,Cologne,North Rhine-Westphalia,1547539964,1547552647,1550144647,1
333,Town: St. John's in Comics,"A collection of short comics by eight legendary local artists, featuring eight different neighborhoods in the city of St. John's.",10000.0,9.210440366976515,CAD,CA,Comics,Anthologies,St. John's,MB,1737123068,1747747537,1750339537,1
964,Gaming bag game bag large capacity shoulder bag,"Comfortable and breathable, business commuting at will, to meet a variety of needs, easy to manage different occasions.",1500.0,7.313886831633462,USD,US,Fashion,Couture,Chicago,IL,1653546084,1664176787,1665472787,0
1678,AutoQuartz,"At night, a man escapes the depths of the Quartz mine he works in by climbing up its cliff, his body camouflaged with sparkly patterns",8000.0,8.987321812850125,GBP,GB,Film & Video,Narrative Film,London,England,1452702359,1464187095,1466779095,1
243,Just Like Me,"Creating empowering, original stories that help young people navigate the curiosity's around visible differences.",2500.0,7.824445930877619,GBP,GB,Publishing,Children's Books,London,England,1753457116,1753984550,1756576550,1
942,Hamimo Notebooks and Sticker Book,"This collection of Hamimo Friends focused notebooks will feature 15 brand new designs. Plus, Hamimo's first ever reusable Sticker Book.",1400.0,7.244941546337007,USD,US,Publishing,Art Books,Fontana,CA,1665464873,1666220730,1668816330,1
1937,FORTUNATE DAUGHTER goes to the NY Intl Fringe Fest,"""Fortunate Daughter"" is a one-dyke show about the difference between coming out and coming home.",5000.0,8.517393171418904,USD,US,Art,Performance Art,New York,NY,1343684533,1343861536,1346223540,1
348,The upgraded unique hammered dial chiming watch,Sonnerie au Passage丨Hammered dial丨Big date丨**Premium mechanical watch elements,10000.0,9.210440366976515,HKD,HK,Design,Product Design,Hong Kong,Hong Kong Island,1744775598,1747303314,1749031314,1
828,Dice Dragons: a solo-TTRPG for the dice hoarders,Grab all the dice you own and get ready to protect them from the greedy humans who will try to steal your treasure,700.0,6.55250788703459,EUR,IT,Games,Tabletop Games,Verona,Veneto,1706295810,1707555160,1708851600,1
1496,The Candle Shop,Handcrafted soy candles from a business that gives back.,150.0,5.017279836814924,USD,US,Crafts,Candles,Terre Haute,IN,1522080375,1522117514,1524709514,0
1474,Tree Woman,"Creation of a CD, a collection of 10 original songs.",10000.0,9.210440366976515,USD,US,Music,World Music,Greater London,England,1525326314,1525497534,1530681534,0
1546,Postcard Views of Durham: The Calendar,This unique 2018 wall calendar showcases a collection of 12 removable postcards featuring new aerial photographs of the Bull City,3000.0,8.006700845440367,USD,US,Photography,Places,Durham,NC,1509726759,1510544363,1511499540,1
855,BIG JACK 2024 Keep Calm 2024 Wall Calendar,A calendar and motivationals from a post-apoc survivor BIG JACK GALLOWAY,500.0,6.2166061010848646,USD,US,Crafts,Printing,Hudsonville,MI,1697588155,1697592521,1700110800,0
1452,Manifesting Demystified: Law of Attraction Masterclass,An online audio visual course and experience to help you demystify the law of attraction & learn to manifest what you want easily,1100.0,7.00397413672268,USD,US,Publishing,Academic,Baltimore,MD,1531066948,1532430190,1535022190,1
1301,Planets Dress,Order your Planets Dress now!,500.0,6.2166061010848646,GBP,GB,Fashion,Ready-to-wear,Cornwall and Isles of Scilly,England,1565604516,1565631317,1566840917,1
1918,Good Girl / Bad Girl,The feminist costumer explores notions of good girl / bad girl through photography and interviews.,3500.0,8.160803920954665,USD,US,Art,Performance Art,Austin,TX,1334870974,1362153727,1364681160,1
324,Ultimate OZ Universe: The Lost Lands Collector’s Edition,"Exclusive OZ hardcover with detailed map, fan-favorite characters, and stunning 140+ page graphic novel. Discover OZ like never before!",15000.0,9.61587214452889,USD,US,Comics,Graphic Novels,New York,NY,1739375511,1747317603,1750813200,1
801,Malady Maidens - Printable STL Files,"Models of beautiful but dangerous women for 3D printing, or physical prints delivered! For collectibles, tabletop gaming, or more!",300.0,5.707110264748875,USD,US,Games,Tabletop Games,Helena,MT,1702247678,1709651519,1710943919,1
438,Nishijin-Ori Cloth Bags & Hanging Scrolls Meet Family Crests,"The family crests of Japanese warlords ODA NOBUNAGA, TOYOTOMI HIDEYOSHI, and TOKUGAWA IEYASU will transform your home into Japan.",200000.0,12.206077645517674,JPY,JP,Crafts,DIY,Kyoto-shi,Kyoto Prefecture,1731995774,1739875807,1743778740,1
767,PXLAB - PX02 SERIES | Unique Dual-style Case Automatic Watch,Embracing the future. Where horology meets the elements of futuristic.,177000.0,12.08391066125752,SGD,SG,Design,Product Design,Singapore,Central Singapore,1705289882,1711544603,1713970800,0
582,TAKASUKE: Join the Tea Revolution - 900 Years in the Making,"Back now your ultra-flat, flavor-maximizing teapot. Help save a dying art and elevate your daily ritual. Limited-edition available!",300000.0,12.611541086966117,JPY,JP,Crafts,Pottery,Tokoname-shi,Aichi Prefecture,1718079844,1728385183,1732276783,1
1688,SAWDUST: Shad Blair's Newest Album,"Help launch Shad's newest album, SAWDUST.  Get great CDs, merch, & house concerts as a reward for your donation!",2000.0,7.601402334583733,USD,US,Music,Country & Folk,Austin,TX,1447780805,1461015895,1462813200,1
1902,3D-REX: A 3D-Printed Tyrannosaurus Rex Sculpture,3D-REX is a 3D-printed Tyrannosaurus Rex sculpture for your desk or wall.,1500.0,7.313886831633462,GBP,GB,Art,Sculpture,Madrid,Madrid,1371507899,1372505344,1375529344,1
510,Loryman’s English Pantry & Tea Room,From Our Home Kitchen to a Storefront: Let's Build a Sweet Destination for Abilene,10500.0,9.259225769705994,USD,US,Food,Spaces,Abilene,TX,1735216492,1736564344,1739156344,0
1073,The Northwood Fables,"Combining the fantasy of rpgs with the format of murder mysteries, The Northwood Fables is a series of six fantasy mystery games.",1000.0,6.90875477931522,USD,US,Games,Live Games,College Station,TX,1624997692,1627945831,1630299540,1
131,GENKI: Covert Dock 3 and ShadowCast 3,"From boss fights to boardrooms - dock anywhere, stream everywhere.",16800.0,9.729193687429404,USD,US,Games,Gaming Hardware,Los Angeles,CA,1757553703,1758722401,1762873860,1
796,Rangtaat-artisan,handmade jewellery,1000.0,6.90875477931522,EUR,FR,Fashion,Jewelry,France,Auvergne,1706965169,1708939097,1711527497,0
229,Clockwork Werewolves #2 - Gothic Steampunk Horror,"A group of survivors find themselves trapped in the heart of the Clockwork Werewolves lair, and time is running short... tick... tick..",1400.0,7.244941546337007,GBP,GB,Comics,Comic Books,Bristol,England,1747763897,1754596847,1757188847,1
1559,The Adventure Handbook Issue 1 – Less Than Perfect,A photography magazine about modern exploration,15000.0,9.61587214452889,AUD,AU,Photography,Photobooks,Sydney,NSW,1504483077,1505720849,1508312849,1
1594,"""Leviathan"" - New Album by Otto Dix","The unique darkwave/ electronic avant-garde band ""Otto Dix"" is recording their 9th full-length album. You can help unleash the Ocean!",1500.0,7.313886831633462,GBP,GB,Music,Electronic Music,St. Petersburg,Saint Petersburg Federal City,1488049815,1493246339,1498430339,1
1631,DEAD SHACK,DEAD SHACK is financed and starts shooting in December. We need your help to raise funds for our compositing and visual effects budget.,12000.0,9.39274525863144,CAD,CA,Film & Video,Horror,Vancouver,BC,1478761207,1479139967,1483513200,1
1317,BANG OPERATIVE,ANGELSPIT'S NEW 13 TRACK ALBUM. DARK MENACING DRIVING - CYBERPUNK Vs SYNTHWAVE,4000.0,8.294299608857235,USD,US,Music,Electronic Music,Hollywood,CA,1560380264,1560792587,1564248587,1
1544,Zombies vs Snowboarders,First step to making Feature Film about twisted massacre of Zombies vs Snowboarders. Help make this bloody movie come to life!,5000.0,8.517393171418904,USD,US,Film & Video,Horror,Salt Lake City,UT,1509297569,1509391836,1512025200,1
1114,Meg’s Sweet Treats Storefront,"Meg’s Sweet Treats has been a home bakery specializing in buttercream cakes & cupcakes, and we are ready to open a storefront!",5000.0,8.517393171418904,USD,US,Food,Restaurants,Hilton Head Island,SC,1613926502,1613931515,1616519915,1
547,Calamity Collectibles,An adorable figure collection of the heroes of Amphibia!,80000.0,11.289794413577894,USD,US,Design,Toys,Bend,OR,1730783567,1732305650,1734767940,0
923,Red Death- Heritoht,Hier kannst du uns bei der Produktion unseres Debutalbums unterstützen!,800.0,6.68586094706836,EUR,DE,Music,Metal,Leipzig,Saxony,1667348069,1672843535,1675435535,1
532,"Public Photography Exhibition of ""For Another Land""",This Kickstarter is intended to fund public exhibitions of my photography project about Mexican Seasonal Farmworkers in North Carolina,3500.0,8.160803920954665,USD,US,Photography,People,Athens,OH,1728661370,1734378041,1736970041,1
1040,"Shield of Wings' New Album ""Unfinished"" is Finished!",Our Revival and New Symphonic Metal Album!,2500.0,7.824445930877619,USD,US,Music,Metal,Chicago,IL,1641383023,1641576011,1643997600,1
916,WildGrlz # 5 - Martha - Art Nude Photobook,"My look at the Polish Art Nude model Martha. Three digital photobooks, photosets, a Softcover and a Hardcover.",499.0,6.214608098422191,EUR,DE,Photography,Photobooks,Hanover,Lower Saxony,1678717173,1679117039,1680596400,0
1917,Shrunk down an Arduino to the size of a finger-tip!,"RFduino: A finger-tip sized, Arduino compatible, wireless enabled microcontroller, low cost enough to leave in all of your projects!",5000.0,8.517393171418904,USD,US,Technology,DIY Electronics,Hermosa Beach,CA,1362188886,1362668969,1365133500,1
335,Rickshaw Rush (Micro May),"Beat the traffic, win the game!",30.0,3.4339872044851463,SEK,SE,Games,Tabletop Games,Malmö,Skane,1747635554,1748862629,1750158629,1
1285,Buddy. An Arduino Social Robot,A Desktop Interactive 3D Printed Arduino Social Robotics Kit  for Fun and STEM Education,3000.0,8.006700845440367,USD,US,Technology,Robots,Nampa,ID,1558495996,1568590759,1571182759,1
63,Bring Nilo’s Nature Loop to Life,"A fun, educational animated series where Nilo the rabbit explores nature, numbers, and colors to spark curiosity in kids everywhere.",90000.0,11.407576060361786,CAD,CA,Film & Video,Animation,Vancouver,BC,1757482064,1764269486,1767293486,0
716,Make 100 | Miniature Ceramic Cats,"Adopt a miniature hand sculpted and painted porcelain cat. A Purr-fect lil friend for your desk, in a plant pot or in your pocket!",500.0,6.2166061010848646,CAD,CA,Art,Ceramics,Montreal,QC,1712961434,1715057023,1717649023,1
1343,The Library Bards' new album: BomBARDed!,"With parodies of hits from the 80s and more, the Library Bards celebrate their fandoms and bring joy to the world through new music!!",18000.0,9.798182590890704,USD,US,Music,Comedy,Los Angeles,CA,1554838693,1556566898,1558994400,1
717,Sword & Scandal,An anthology of NSFW heroic fantasy,2500.0,7.824445930877619,USD,US,Publishing,Anthologies,New York,NY,1710350229,1715014895,1717606895,1
854,Artemis Plus: Low Power AI/ML Processing Platform & Dev Kit,"An open source wireless BLE module that is pin for pin compatible with the SparkFun Artemis, but with double the RAM and flash memory",12000.0,9.39274525863144,USD,US,Technology,DIY Electronics,Jackson,WY,1695089006,1698026777,1701154740,0
875,The Illustrated I-Ching & I-Ching Oracle,Unlocking the Wisdom of the Ancients through Beautiful Illustrations and Simple Guidance,76887.0,11.25010509650312,HKD,HK,Games,Playing Cards,Hong Kong,Hong Kong Island,1678822797,1689254057,1694438057,1
444,Offenes Fotoshooting mit Fotomodel Vanessa,"Präsentiere Produkte oder Kleidung beim offenen Produkt-Fotoshooting (19. Kalenderwoche) und erhalte professionelle, digitale Fotos",600.0,6.398594934535208,EUR,DE,Photography,People,Salzhausen,Lower Saxony,1738865518,1739563094,1743458400,0
217,The World's 1st Real-time Rendering Laser Engraver,Independent Operation | Precision & Stability | High-Speed Engraving | Large Work Area,80000.0,11.289794413577894,HKD,HK,Technology,Fabrication Tools,Edison,NJ,1751949712,1755176401,1758027601,1
576,Lymow One｜Boundary-Free Robot Mower for Any Terrain and Size,1.73 Acres Daily Coverage|All Terrain Tracks|Dual Mulching Blades|Wire-Free|RTK-VSLAM|Obstacle Avoidance|App Control|Durable,30000.0,10.308985993422082,USD,US,Technology,Robots,Portland,OR,1725547163,1728575435,1732467035,1
1004,Coliving Community Management Course Fundraising,"We train community managers: 
- build & maintain qualities communities
- increase community engagement",1337.0,7.198931240688173,USD,US,Publishing,Academic,Cluj-Napoca,Cluj,1645192914,1651246280,1654284600,1
1180,"Snack-ORAC, the first popped Black Sorghum...Ever!","Snack-ORAC, Better than Popcorn, Popped Black Sorghum with Avocado Oil & Sea Salt, Snack-ORAC Spicy Guacamole, and Brown Butter Ghee!",4000.0,8.294299608857235,USD,US,Food,Food,Portland,OR,1591213196,1594313061,1596128400,1
1734,The Sun Dancer Candle Shoppe,Our aromatic candles are available in a variety of fragrances and jar sizes.,450.0,6.111467339502679,USD,US,Crafts,Candles,Tampa,FL,1447115714,1447367747,1448663747,0
760,Koyo,A short film that finds connection through the lens...,6000.0,8.699681400989514,GBP,GB,Film & Video,Shorts,London,England,1710432191,1711365193,1714558320,1
1189,"Plataforma web y Marketplace: Anuncios, Micro-Sites & Market","Plataforma internacional de anuncios, generador web y marketing / International Classified Ads Platform, Mini Sites, and Marketing.",50000.0,10.819798284210286,EUR,ES,Technology,Web,España,Madrid,1587825351,1589195732,1594379732,0
637,LightTrack: Light That Moves With You,"Smart, Adaptive, and Energy-Efficient LED Strip Lighting For Home Comfort and Safety",2000.0,7.601402334583733,PLN,PL,Technology,DIY Electronics,Łódź,Lodz,1725375934,1725976801,1726581601,1
758,DREAMS. Artbook by GDBee Art,A sweeping compilation of works from 2021 - 2024 by artist Geneva Bowers,7800.0,8.962007209588313,USD,US,Art,Illustration,Chicago,IL,1711664654,1712073492,1714665492,1
1936,"Kero One's animated Music Video - ""In All the Wrong Places""",Together we can help create an animated visual treatment for one of the biggest songs of Kero's career!,5000.0,8.517393171418904,USD,US,Film & Video,Animation,San Francisco,CA,1344301676,1345157341,1347662941,1
1294,Playhouse (feature film) Scottish Castle Horror,A feature length horror movie from the Watts brothers,8900.0,9.093918908958932,GBP,GB,Film & Video,Horror,John o'Groats,Scotland,1564752937,1566801997,1568408400,1
624,Porcelyn’s Debut Album “SAHM: The Musical”,Celebrate Mother’s Day 2025 with the release of my collection of baby & mommy songs!,10000.0,9.210440366976515,USD,US,Music,Kids,Wausau,WI,1717361152,1725199206,1727791206,1
361,Luma,"The Earth is sacred — so is your style. I'm Annie Byers, designer of Luma: a vegan, gothic couture brand handcrafted in California.",5000.0,8.517393171418904,USD,US,Fashion,Couture,Sacramento,CA,1745613250,1745899877,1748491877,0
883,Birds! Birds! Birds! A Stationery Set,"A bird-themed stationery set with washi tape, greeting cards, prints, notepads, pins, buttons, magnets, and stickers!",200.0,5.303304908059076,USD,US,Crafts,Stationery,Portland,OR,1686103375,1688237372,1690829372,1
429,Dark Vintage Spicy Vampire Romance Illustrated Collection,Four spicy vampire romances in one decadent collection including NSFW artwork of steamy scenes from each story!,3000.0,8.006700845440367,USD,US,Publishing,Fiction,Washington,DC,1728514314,1742559641,1744374041,1
1183,"Plant-Based, Date-Sweetened Oatmilk Gelato & Sorbet","All-natural, date sweetened, gelato & sorbet that is actually GOOD FOR YOU and more nutritious than any other plant-based ice cream.",5000.0,8.517393171418904,USD,US,Food,Vegan,Arlington,VA,1583635883,1593002306,1595594306,1
155,Footpath: Dangerous Nights,"32 pages of heart-pounding, rapid-fire action for fans of G.I. Joe, Birds Of Prey, and Agents Of S.H.I.E.L.D.!",3500.0,8.160803920954665,USD,US,Comics,Comic Books,Titusville,FL,1753523174,1759233600,1761850800,1
1212,Schema MarkApp,"Schema MarkApp, Makes Implementing Schemas Markups EASY.",2000.0,7.601402334583733,USD,US,Technology,Web,Morehead City,NC,1586729286,1587348890,1589940890,0
1645,20 Ways To Generate Passive Income - Online Course,An online course for those interested in creating multiple and passive streams of income with the internet. Work from home or anywhere!,2390.0,7.779466967458324,USD,US,Publishing,Academic,San Francisco,CA,1473162078,1475337513,1477929513,1
1097,Seventh Dimension's fourth album: 'Black Sky',Printing of physical digipack copies of the the new album 'BLACK SKY' by Seventh Dimension.,11000.0,9.305741456739437,SEK,SE,Music,Metal,Stockholm,Stockholm,1619785549,1620373703,1622206800,1
344,Lunex: Designed for the Dynamic,"The backpack is built to keep pace with a fast-moving life – versatile, durable, and designed for the modern lifestyle.",5000.0,8.517393171418904,USD,US,Design,Product Design,San Francisco,CA,1736969456,1746726921,1749247560,1
1181,PAN -Horror Short Film,A micro-budget folk horror short film.,500.0,6.2166061010848646,GBP,GB,Film & Video,Horror,Conwy,Wales,1591646101,1591650208,1595970208,1
193,Quarks: Particle Puzzle,"Quick 1-3 player board game where players place particles, twist tiles, and connect colors to score the most points",75000.0,11.225256725762891,USD,US,Games,Tabletop Games,East Greenwich,RI,1739551949,1756843205,1759435205,0
92,Bloody Lovers : a Gothic Playing Cards Deck NSFW,"The perfect dark, bloody, and dramatic gothic playing card deck. 54 hand-illustrated cards, coming for Halloween.",2500.0,7.824445930877619,EUR,FR,Games,Playing Cards,Lyon,Rhone-Alpes,1756975295,1761865237,1765324837,1
871,Wristband-ID,Wristband-ID is an innovative product which enables you to carry your ID digitally without needing any form of physical ID card.,110000.0,11.60824473564232,GBP,GB,Technology,Wearables,London,England,1670943164,1692825218,1695417218,0
1786,Vinyl decor n more,"Vinyl decor and more is a specialty business that offers customized mugs, wine glasses, and more. They make great gifts!",1500.0,7.313886831633462,USD,US,Crafts,Embroidery,Palmdale,CA,1425492355,1425925477,1427785200,0
1538,THE CUBA UNKNOWN: An Exploration in Times of Change,"An intimate exploration of Cuba through photographs, stories, and art, from the months we spent searching for waves with Cuban surfers.",24000.0,10.085850775128716,USD,US,Photography,Photobooks,Havana,Ciudad de la Habana,1508102978,1510337575,1512608460,1
1973,Flutterby,It's hard to know what to do and say when someone is dying. This evocative work of art helps you be with someone in a meaningful way.,5000.0,8.517393171418904,USD,US,Art,Performance Art,Atlanta,GA,1314736042,1315845231,1321032831,1
829,Love Stretches Book,"a visual journey exploring the magic of birth, love and chosen family.",3000.0,8.006700845440367,USD,US,Publishing,Art Books,Lawrence,KS,1704387003,1706060638,1708837860,1
1840,Making your life a HAM sandwhich!,Look life's full of a bunch of shit let's make a promise never to fall down ever again! I'll teach you how to HAM!,5000.0,8.517393171418904,USD,US,Publishing,Academic,Zephyrhills,FL,1404998569,1405000472,1407592472,0
1853,Conducted Fluidity Collection Spring/Summer '15,My Graduate Collection 2014,500.0,6.2166061010848646,GBP,GB,Fashion,Ready-to-wear,London,England,1400519428,1400715641,1404171641,0
1265,DIAgate brings out Japanese SMEs' technology in the world.,日本のものづくり技術を世界に伝えるWebメディア 「DIAgate」を作るために、フィリピンで翻訳チームを立ち上げたい。,500000.0,13.122365377402328,JPY,JP,Technology,Web,Tokyo,Tokyo Prefecture,1569130003,1572263522,1576814340,0
59,CodeRover Hovercraft — Build It. Code It. Race It.,A hands-on robotics kit that brings real engineering to life.,3000.0,8.006700845440367,USD,US,Technology,Robots,Atlanta,GA,1760156550,1762524001,1767708001,1
1288,A site for parents to meet parents and kids to meet kids.,A website for for parents to schedule playdates for their children.,2000.0,7.601402334583733,USD,US,Technology,Web,Las Vegas,NV,1565182273,1565291948,1570475948,0
648,You Owe Me James | Short Film,"All debts will eventually be paid, whether you want to or not.",1000.0,6.90875477931522,USD,US,Film & Video,Drama,Savannah,GA,1721847209,1724947032,1725940740,1
1915,I Rang The Bell! Updating The Belfry community events space!,Providing The Belfry with the necessary infrastructure to become a fabulous multi-use community center!,34500.0,10.448743588106623,USD,US,Art,Performance Art,Sisters,OR,1358292832,1362172664,1365970664,1
1921,Paco Fish's Burlesque Vanguard Tour,"Paco Fish living in a van, performing, & teaching across the continent: 52 weeks: 52 states & provinces.",6000.0,8.699681400989514,USD,US,Art,Performance Art,Baltimore,MD,1353938913,1356988719,1362113940,1
86,BladeX GEN-195—The Rotational Urban Outdoor EDC Pocket Knife,"Sleek in the city, capable in the field — a refined EDC built to last.",10000.0,9.210440366976515,HKD,HK,Design,Product Design,Hong Kong,Hong Kong Island,1759216439,1760628918,1765816518,1
555,MakerPi TiCaliper | All-in-1 Titanium EDC caliper,Gr5 Titanium.Precision CNC machining.Multiple functions that can be of great help in daily life.Magnetic LED lamp.,9090.0,9.115040192121858,HKD,HK,Design,Product Design,Hong Kong,Hong Kong Island,1728886436,1731415769,1734007769,1
453,Candy Case Pro,The Sweetest Way to Collect,9999.0,9.210340371976184,USD,US,Games,Tabletop Games,Frankenmuth,MI,1735938782,1740232806,1742866200,0
358,Borg Tech 3D Print Hardware Kits,Elevate your Prints. | | | Infinity Pyramid | Sandala | MagLEV | Matrix & More!,30000.0,10.308985993422082,AUD,AU,Technology,3D Printing,Perth,WA,1742692797,1743425101,1748609101,0
800,EDCEST® PEN - Wearable EDC pen.,Designed to be worn on a watch strap. 3D printed in France. Refills from South Korea.,3000.0,8.006700845440367,USD,US,Crafts,Stationery,Dover,DE,1696408692,1708552732,1711141132,1
1839,A Skeptical Analysis Of the Bible,A skeptical breakdown of the Bible and Jewish / Christian theology that is three years in the making and need money to self-publish.,40000.0,10.59665973278358,USD,US,Publishing,Academic,Grand Bay,AL,1404777352,1405017918,1407609918,0
572,Ti-Capsule: a 5-in-1 Titanium Key-chain Screwdriver EDC Tool,"CNC Machined Titanium Keychain Screwdriver with four 4mm bits, a pry bar, nail remover, box cutter, tritium pendant, and mini file.",5000.0,8.517393171418904,USD,US,Design,Product Design,New York,NY,1728542972,1730199486,1732877886,1
553,Nosferatu Enamel Pin,A hard Enamel Pin that is sure to get your blood pumping with fear!,1750.0,7.467942332285852,USD,US,Art,Illustration,San Clemente,CA,1731279741,1731578660,1734170660,0
328,Jaws of Hell,"A psychological boomer shooter set before The Hive Pandemic. Play as Clark Andrews—ex-farmer, husband, and future bounty hunter.",100.0,4.61512051684126,USD,US,Games,Video Games,Truxton,MO,1748140900,1748526705,1750478520,1
851,The Unreal: 2024 Calendar Game (Escape Room Board Game),"A wall calendar with large illustrations and 30+ puzzles, woven into an imaginative and slightly insane story.",10000.0,9.210440366976515,EUR,NL,Games,Tabletop Games,Dongen,North Brabant,1697092709,1700232663,1702162740,0
1388,Pokemon Themed Parody Candles,"Handmade Pokemon Themed Parody Candles, Candle Monsters, Gotta smell them all, starter monsters",959.0,6.866933284461882,USD,US,Crafts,Candles,Detroit,MI,1549054474,1549306357,1551120757,0
994,The Strangle of Ivy: A Short Gothic Horror Film,"Creeping ivy… dark secrets… When Samantha uncovers what lies at the heart of her childhood home, she’ll never be the same again.",1500.0,7.313886831633462,USD,US,Film & Video,Horror,Olney,MD,1652217577,1654607185,1656647940,1
318,Spytt Magazine: 2025,Spytt will be a paper magazine that will be born in response to the malaise caused by the arbitrary censorship of social networks.,3000.0,8.006700845440367,EUR,IT,Publishing,Zines,Italia,Piedmont,1746459361,1748342600,1751234340,1
938,VERTICAL LAB PUZZLE,First puzzle to the environmentally sustainable way,7200.0,8.881975184248867,EUR,CH,Games,Puzzles,Lugano,Canton of Ticino,1661600151,1667322226,1670004226,0
343,Roraatf x Mavie Idol Merch,Idol merch for Vtubers Roraatf and Mavie!,400.0,5.993961427306569,USD,US,Art,Digital Art,San Francisco,CA,1739157370,1746712487,1749304487,1
1803,AMPY: Power your devices from your motion,"AMPY is a wearable device that captures energy from your motion, turning it into power to charge your phone or any USB-powered device",100000.0,11.51293546492023,USD,US,Technology,Wearables,Chicago,IL,1410297530,1412830839,1415599140,1
1438,More Than A Conqueror,"Growth can be uncomfortable at times of hardship. An Album of Art produced by Life, We All have Greatness within Us. #MTAC",14200.0,9.561067663645012,USD,US,Music,Hip-Hop,Philadelphia,PA,1533322433,1533653158,1538837158,0
838,NO FUTURE - a cyberpunk graphic novel by Corbeyran and Jef,"THE FIFTH ELEMENT meets BLADE RUNNER, BRAZIL, and IDIOCRACY in this deluxe action-packed graphic novel.",7500.0,8.922791623969637,USD,US,Comics,Graphic Novels,Chicago,IL,1704052702,1705424407,1706922000,1
146,GHOST CHICKEN - The Graphic Novel,"The story of a vegan restaurant haunted by the ghost of a chicken, and the one girl determined to uncover the mystery of... why?!",10000.0,9.210440366976515,USD,US,Comics,Graphic Novels,Boston,MA,1750426430,1759247937,1761998400,1
1235,Apolonia,"Un cortometraje sobre María, una joven de la sierra mazateca de Oaxaca, quien atesora un conocimiento sagrado para salvar a su hermana.",42000.0,10.645448706505872,MXN,MX,Film & Video,Shorts,Huautla de Jiménez,Oaxaca,1581816555,1582172268,1584332268,1
1449,Pirate Games: Reality Sailing Competition,"Contestant boats battle Our Pirates for $30,000 in gold coins.\r
America's Cup meets American Gladiators. \r
\r
Scroll down for gold!",98000.0,11.49273296168228,USD,US,Film & Video,Television,Key West,FL,1528746687,1532444297,1535742000,0
913,Enabot EBO X Family Robot Companion: Your Smart Guardian,"Winning 2023 CES Innovation Awards at Robotics & Smart Home. With ChatGPT, V-SLAM, Alexa Built-in, 4K Stabilized Camera,Harman AudioEFX",78500.0,11.270866642542863,HKD,HK,Technology,Robots,Hong Kong,Hong Kong Island,1665409659,1678376707,1682264707,1
447,Bottled,"The phrase “walk a mile in some else’s shoes"" becomes all too real for therapist Amelia as she struggles to bottle her past trauma.",1000.0,6.90875477931522,GBP,GB,Film & Video,Shorts,Derby,England,1741019543,1741021477,1743348900,1
449,XLASERLAB X1/X1Pro: The Most Versatile Laser Welding Machine,"All-in-One Laser Welding, Cutting, Cleaning, and Rust Removal | Works in Any Environment | Safety and Efficiency | Easy to Use",779151.0,13.565961427770294,HKD,HK,Technology,Fabrication Tools,Hong Kong,Hong Kong Island,1732069081,1739285946,1743170346,1
1247,Halley Greg: Full-Length Album!,"Empowering, sassy, sweet, punch-you-in-the-gut indie pop rock.",5000.0,8.517393171418904,USD,US,Music,Indie Rock,Seattle,WA,1578451059,1578688220,1581280220,1
1147,aeseaes - Shapeshifter - Our First Full-Length Album,"We've just made our first full-length album of 10 new original songs, and we need your help to print it on CD and vinyl!",10000.0,9.210440366976515,USD,US,Music,Indie Rock,Austin,TX,1593372243,1601055753,1603647753,1
370,IceQuick Neo : Chill your coffee in 2 minutes,"Instantly chill your drinks without ice using 0°F liquid gel tech. Enjoy undiluted iced coffee, tea, and more in just 2 minutes!",710000.0,13.47302165746721,JPY,JP,Design,Product Design,Tokyo,Tokyo Prefecture,1742218283,1745322312,1747914312,1
359,Pegasus: Kidnapped Through Time,Help a team of indie filmmakers bring an epic sci-fi story to life — starting with a thrilling short film!,5000.0,8.517393171418904,USD,US,Film & Video,Science Fiction,North Charleston,SC,1745661454,1745937033,1748529033,1
915,Tap Rogue,Mobile RogueLike and Puzzle game.,69.0,4.248495242049359,GBP,GB,Games,Mobile Games,London,England,1677415463,1678211289,1680799689,1
207,SeaLogger – Enregistrez les données NMEA de votre bateau,SeaLogger est un enregistreur plug & play pour les réseaux NMEA 2000. Il capte et stocke automatiquement les données de navigation.,10000.0,9.210440366976515,EUR,FR,Technology,DIY Electronics,France,Auvergne,1753175493,1755957897,1758549897,0
1492,Music Is My Escape,I'm looking for financial help so that I can invest in doing the videos to the songs on my album and for marketing and promotion.,6000.0,8.699681400989514,USD,US,Music,Hip-Hop,London,England,1434622833,1521964254,1525852254,0
917,Dorian Vallejo | The Collector's Editions | Artbook,"The enormous collection of works Dorian painted for buyers of ""Drawings Inspired by Life"", now has its own book.",25000.0,10.12667110305036,EUR,FR,Publishing,Art Books,Strasbourg,Alsace,1674210061,1677862955,1680451355,1
1558,The Compass Breakfast Wagon: neighborhood-focused food truck,"Find your way, fuel your day! Scratch-made biscuits, coffee, and one-eyed jacks, using local ingredients & benefiting the neighborhood.",3000.0,8.006700845440367,USD,US,Food,Food Trucks,Spokane,WA,1503987923,1506031877,1508623877,1
730,Tagmybase : The Awakening,Personalise your wargaming miniatures bases and bring your games to life,1000.0,6.90875477931522,GBP,GB,Games,Tabletop Games,Hampshire,England,1708548347,1715641125,1716850725,0
1526,Bella Fantasia: Fine Art Nudes Limited Edition Photography,"Exclusives. Bold, uninhibited aesthetic examination of captivating feminine forms. Unapologetic, meticulously produced fine art nudes.",1500.0,7.313886831633462,USD,US,Photography,Photobooks,Charleston,SC,1508527531,1511538979,1514695500,1
1954,Cherokee Streets Fourth Annual People's Joy Parade!,"We're bringing the Peoples Joy Parade back to the Cherokee St. Cinco de Mayo festival, now for the 4th year in a row!",4000.0,8.294299608857235,USD,US,Art,Performance Art,St. Louis,MO,1331780109,1332373360,1336194000,1
73,"Sustainable Apparel - ankoor - Nature's Way, Every Day","Wear the Change - Choose Sustainability - We Created a Durable, Stylish, Environmentally Responsible Apparel Line from Head to Toe",9800.0,9.19023970026918,CAD,CA,Fashion,Apparel,Ottawa,ON,1454698237,1762870399,1766758399,0
821,DramaLlama App Development,DramaLlama - A mobile social platform for BL & GL enthusiasts worldwide to connect,5000.0,8.517393171418904,USD,US,Technology,Apps,Edwardsville,IL,1705436438,1706619781,1709211781,1
707,How To Hook Up with Girls: Queer Short Film by Capri Campeau,A Chaotic and Joyful LGBTQ+ RomCom,25000.0,10.12667110305036,USD,US,Film & Video,Shorts,Los Angeles,CA,1705094643,1715711631,1718303631,1
1245,Acroyoga Playbook,"A book to reinvent the child inside of you, and to guide your curiosity and your creativity into your acroyoga journey.",3500.0,8.160803920954665,EUR,FR,Publishing,Academic,Paris,Ile-de-France,1577116098,1578068848,1581524848,1
739,World Builders: Traps - 5e D&D: 2 weeks only!,Over 100 Traps for 5e D&D,500.0,6.2166061010848646,GBP,GB,Games,Tabletop Games,London,England,1713986094,1714395636,1716055200,1
1201,Hearty Mushroom: Grow Exotic & Gourmet on Your Countertop,"Grow kits to make exotic and gourmet mushrooms that are flavorful and meaty, unlike your white buttons at the store. Mist twice a day.",250.0,5.5254529391317835,USD,US,Food,Vegan,Boston,MA,1587919956,1589990021,1592409221,1
930,Perfect: The Album,9 Ascendant Tracks of Mirth Pop Goodness! (On CD and Vinyl!),6000.0,8.699681400989514,USD,US,Music,Comedy,Los Angeles,CA,1667336453,1669894486,1672486486,1
711,Chibi Anime Shoujo Girls and Boys Enamel Pins,Excited to share my favorite anime boys & girls!! 22 enamel pin collection :),1700.0,7.438971592395862,CAD,CA,Art,Digital Art,Toronto,ON,1714417429,1716825555,1718121555,1
1246,Scented dessert candles,Handmade scented dessert candles.,2000.0,7.601402334583733,USD,US,Crafts,Candles,Decatur,GA,1575655863,1576277041,1581461041,0
436,HIIVE Link: Real-Time Insights into the Life of Bees,"HIIVE Link provides live data about your bees: trends, queen status, swarms, alerts, and analyses – all without disturbing the hive.",15000.0,9.61587214452889,EUR,DE,Technology,Gadgets,Berlin,Berlin,1735557554,1741270817,1743859217,1
988,Bazzle Duel,Sliding puzzle meets rubic cube! The perfect battle for puzzle fans! Play the mobile game Bazzle Duel alone or versus others!,2000.0,7.601402334583733,EUR,DE,Games,Mobile Games,Potsdam,Brandenburg,1639758236,1655973258,1658565258,0
1703,STEM School Kids Reach for the Stars,"5th & 6th grade students are learning about Space, building their own telescopes and would like to visit a planetarium.",500.0,6.2166061010848646,USD,US,Technology,Space Exploration,Omaha,NE,1456451025,1456795824,1458520224,1
1315,Ayudanos a crear Cursos gratuitos de Ayn Rand para jóvenes,Queremos realizar cuatro cursos especiales y gratuitos en materia de la obra de la escritora objetivista Ayn Rand,40000.0,10.59665973278358,MXN,MX,Publishing,Academic,México,Mexico,1558118036,1559339964,1564523964,1
659,Disney advent calendar; sticker edition,Give yourself a little magic everyday in the first 25 days of december. An advent calendar with 25 disney and pixar themed stickers!,200.0,5.303304908059076,EUR,NL,Crafts,Stationery,Utrecht,Utrecht,1721127712,1721732610,1724324610,1
1684,Poetry Flash Now!,Help us build a new online home for our work so that we can better serve & support the literary communities of the West Coast & beyond.,11800.0,9.375939552625749,USD,US,Publishing,Poetry,Berkeley,CA,1455304974,1459299435,1464073140,1
476,OX Pro SPEEDFRAME® Extendable Measuring Level,"Engineered specifically for carpenters, masons, and glaziers who require highly accurate and adaptable leveling",5000.0,8.517393171418904,USD,US,Technology,Fabrication Tools,Rochester,NY,1730921794,1738879911,1741616400,1
1951,Rendering Dysphoria,"A new dance work, premiering in New York City.",1500.0,7.313886831633462,USD,US,Art,Performance Art,New York,NY,1330547697,1334445483,1336960800,1
589,Dabbawala Transnational: Bicycle Stories,"A feature-length documentary about delivery riders in Germany, Canada and India.",6000.0,8.699681400989514,CAD,CA,Film & Video,Documentary,Mumbai,Maharashtra,1726238493,1726752157,1731939757,1
818,pwn.guide - Your Guide to Pwning Stuff.,"pwn.guide is a digital cybersecurity learning platform, with attack & defense tutorials and CTF (capture-the-flag) challenges.",299.0,5.703782474656201,EUR,SI,Technology,Web,Ljubljana,Ljubljana,1706464389,1706744348,1709247540,1
1800,Fireworks show video,"Hey guys, I wanna make a fireworks show and videotape it from a special angle, but I need your help!",10.0,2.3978952727983707,EUR,NL,Art,Video Art,Utrecht,Utrecht,1418168535,1418322411,1419030000,0
1981,Send the Citywide Poets Youth Slam Team to Brave New Voices,"Support the Detroit Youth Poetry Slam Team's journey to the Brave New Voices International Youth Poetry  Festival in San Francisco, CA.",3000.0,8.006700845440367,USD,US,Art,Performance Art,Detroit,MI,1308840375,1308862509,1312171140,1
849,Join Me in Creating Beauty for Others!!,Equipment upgrade so I can take more beautiful photos and serve more people with my gifts,4500.0,8.412054873292933,USD,US,Photography,People,Northwest,CO,1687832403,1697598170,1702785770,1
1465,Ginga baz,"ginga baz quatres artistes avec un talent bien a eux, ambitieux, présentable, mélodieux, amoureux  de la langue française et des mots",5000.0,8.517393171418904,EUR,FR,Music,Hip-Hop,Paris,Ile-de-France,1530540330,1531538869,1533146400,0
1909,BattleTails! - Android & iOS Strategic Defense Game,Battle Tails is a live action strategic defense game for Android and iOS that brings Huck Gee's Gold Life character designs to life!,50000.0,10.819798284210286,USD,US,Games,Mobile Games,San Francisco,CA,1363080263,1367941639,1370533639,1
293,American Yakuza - Acts 1-4 of our Japanese murder-mystery!,"Xavier seeks a killer, Masashi craves the American Dream, and Kyomi wants justice—but in Japan’s underworld, survival comes first...",3500.0,8.160803920954665,USD,US,Comics,Comic Books,Richmond,VA,1738628712,1750780808,1752889020,1
1498,Help Fund 'The Movement' - A TV Studio Drama,"A 20 minute TV show about a fictional futuristic alternative reality where women have no rights, leading up to a female revolution!",100.0,4.61512051684126,GBP,GB,Film & Video,Television,Lincolnshire,England,1520423386,1522247464,1524407464,0
1216,PANNA STUDIOS,(Principled Ambition to Nourish Novel Aesthetics) offers genuinely sustainable luxury fashion with innovation and attitude.,100000.0,11.51293546492023,SEK,SE,Fashion,Ready-to-wear,Stockholm,Stockholm,1585633708,1585657909,1588249909,1
1412,MIGA SWIMWEAR | Disfigurement Inspired,A swimwear line inspired by disfigurement but made to be worn by all. This collection is dedicated to burn survivors and their stories.,10000.0,9.210440366976515,USD,US,Fashion,Ready-to-wear,Manhattan,NY,1527021883,1542742397,1545334397,1
1353,Mute Forest expands further for album #2,Mute Forest album #2,4000.0,8.294299608857235,USD,US,Music,Indie Rock,Denver,CO,1554225081,1555518945,1558110945,1
222,Wingless: Fowl Play - A Don Bluth Inspired Series!,"After his parents are murdered, Astro begins to tread the line between good and evil.",1200.0,7.0909098220799835,USD,US,Comics,Comic Books,Fort Myers,FL,1743266152,1755047523,1757639523,1
920,"Photobook ""Fuck Boring People""",Photobook containing a collection of unpublished before pictures from different fashion shootings.,10000.0,9.210440366976515,EUR,PL,Photography,Photobooks,Kyiv,Kyiv City Municipality,1658398332,1673956121,1679136521,0
1091,To Have & To Hold: A Fódlan Wedding Fanthology,A fanthology celebrating wedding traditions in Fódlan. We aim to showcase the joy in every stage of the wedding celebration.,7000.0,8.853808274977197,USD,US,Comics,Anthologies,Cincinnati,OH,1620429031,1621353564,1623383940,0
1162,Growth of the Soil,An alternative love story.,1300.0,7.170888478512505,GBP,GB,Film & Video,Shorts,Wales,England,1594559020,1596570346,1599217200,1
1848,Wai Company in Scotland's Edinburgh Fringe Festival,"Help bring Wai Company, Hawaii's new & innovative aerial and contemporary dance group, to the Edinburgh Fringe in Scotland this August!",5000.0,8.517393171418904,USD,US,Dance,Performances,Honolulu,HI,1397176517,1402991086,1405583086,1
962,Texture roller - STL and Shipments,"Roller to war games, miniature, dnd.",30.0,3.4339872044851463,EUR,IT,Games,Tabletop Games,Bari,Puglia,1665241901,1665590488,1666108888,1
362,CANDY RUSH - CUTE PINS SERIES,"A pastel overload of sugar, sparkles and sweetness",100.0,4.61512051684126,EUR,PL,Art,Illustration,Kassel,Hesse,1746616211,1747241401,1748451001,1
907,The Cult Of Tidy Book Volume 2,"1000s of images, photos and memories from 2005 to 2022",20000.0,9.90353755128617,GBP,GB,Publishing,Art Books,Wakefield,England,1679910150,1680274511,1683662940,1
314,Chartres & Card Game Traders - Samaruc Games 2025 Collection,Two new games from Samaruc Games for 2025. We don't need giant boxes to have great games!,10000.0,9.210440366976515,EUR,ES,Games,Tabletop Games,España,Madrid,1737805148,1748906702,1751498702,1
114,"Midway Solitaire, Pacific War 1942, and Tarawa Solitaire","WWII in the Pacific! Midway, Pacific War 1942 2nd Edition, and Tarawa. Three full-sized wargames in compact form, all solitaire!",1942.0,7.57198844937744,USD,US,Games,Tabletop Games,Virginia Beach,VA,1761001881,1762261101,1763845200,1
1171,A brand new album from Dream Frequency,"20 new floor-filling tracks ,with remixes from Rob Tissera, K69, Si Frater and Dave Heaton",16000.0,9.680406499268877,GBP,GB,Music,Electronic Music,Lancashire,England,1592144065,1592595726,1597779726,1
69,🇪🇸 La Raíz de la Caléndula 🇬🇧 The Root of the Marigold,🇪🇸 Un viaje espiritual de autoconocimiento y conexión interior 🇬🇧 A spiritual journey of self-discovery and inner connection,50.0,3.9318256327243257,EUR,ES,Publishing,Nonfiction,El Arahal,Andalusia,1764579503,1764766685,1766926685,1
1531,"xaVNA - a full featured, low cost two port VNA","The xaVNA is portable, easy to use, and allows S parameter export.",13700.0,9.525224101853109,CAD,CA,Technology,Fabrication Tools,Vancouver,BC,1505084991,1508451210,1513638810,1
1199,Pink Bellies Restaurant,"Bringing More Noodles to Charleston, SC!",27000.0,10.203629181337648,USD,US,Food,Restaurants,Charleston,SC,1589478142,1589894952,1592486952,1
865,Together We Rise: Immigrants in America,A photo-documentary project featuring extraordinary stories and portraits of diverse immigrants and their contributions to our country,35000.0,10.463131911491969,USD,US,Photography,People,Menlo Park,CA,1684531844,1694532750,1697643150,1
23,"Pocketful of Stars: Celestial coin, card, & ID wallets",This is a campaign to bring a selection of fantasy / celestial themed wallets to physical life.,2500.0,7.824445930877619,GBP,GB,Fashion,Accessories,Hampshire,England,1763125799,1768651291,1771189200,1
540,Seesmile: Pioneering 0-100 Levels Stepless Water Flosser,"A flexible, portable water flosser that delivers optimal oral care solutions anytime, anywhere.",21900.0,9.994287576862568,HKD,HK,Technology,Gadgets,Hong Kong,Hong Kong Island,1731045741,1732795143,1735819143,1
1299,Waterfall Social,A social media site focused on creators.,2000.0,7.601402334583733,GBP,GB,Technology,Web,Warwickshire,England,1564089797,1564808409,1567400409,1
1717,NSF-1701 EMDrive Space Propulsion Project - Phase II Testing,I am one of less than a dozen people in the world working on building a controversial new electromagnetic engine known as the EMDrive.,1500.0,7.313886831633462,USD,US,Technology,Space Exploration,Cleveland,OH,1451495937,1451921350,1454513350,1
360,Slow Mornings — Art Nude Photobook,"An intimate art nude photobook celebrating everyday femininity & softness. A story capturing two women in slow, tender moments.",1500.0,7.313886831633462,PLN,PL,Photography,Photobooks,Warsaw,Masovian,1744622138,1745923947,1748515947,1
1671,Art of war,A soldiers fight from active duty wartime to war in his own mind.  Thru the eyes of the veteran see the transitions worst case scenario,18000.0,9.798182590890704,USD,US,Art,Video Art,Charlotte,NC,1463319204,1463361144,1468545144,0
846,Write In Two -- Chess Journal with free App,Mate in Two Puzzles printed on a high quality journal. Fun quotes. Bonus puzzles. Free App for Apple and Android to follow along.,3000.0,8.006700845440367,USD,US,Games,Puzzles,Philadelphia,PA,1699208870,1699326123,1704128400,0
1636,Knox's Favorite Candle Co:Dog Themed Candles With a Purpose,Knox’s Favorite Candle Co. is a Dog Themed Candle Co. that donates a portion of all profits to Animal Shelters and Rescues.,500.0,6.2166061010848646,USD,US,Crafts,Candles,Jacksonville,FL,1478963223,1478985587,1481577587,0
1257,Not From Here: Midwest Record Tour,"Not From Here, a indie band based in Laramie, Wy, will be doing a Midwest tour this January.",1000.0,6.90875477931522,USD,US,Music,Indie Rock,Laramie,WY,1575046725,1575598922,1578704400,1
746,o där emellan gråter vi,"A photographic journey, a roller coaster. A transition from youth to adulthood.",60000.0,11.002116507732016,SEK,SE,Photography,Photobooks,Stockholm,Stockholm,1698762142,1711491880,1715594400,1
3,The Secret Spores: Mandatory Germination,"An adult animated satire about mushrooms, mandates, media spin, and a hive-mind that never sleeps.",30000.0,10.308985993422082,USD,US,Film & Video,Animation,Cincinnati,OH,1769713687,1770135244,1772727244,0
1149,iRRi & Hugo - Gene weg nevest,"The record, the merch, the tapes...",3300.0,8.101980731853192,EUR,BE,Music,Hip-Hop,St.-Niklaas,Oost-Vlaanderen,1599589744,1600447295,1603039295,0
651,Zheng Yi Sao,The World‘s First AIGC Chinese film,100.0,4.61512051684126,SGD,SG,Film & Video,Movie Theaters,Singapore,Central Singapore,1721039172,1721653104,1725109104,1
1675,Learn Angular 2 Development By Building 10 Apps,Learn Angular 2 Development By Building Projects - is a online course to learn Angular 2 Development by building 10 real word apps.,1000.0,6.90875477931522,USD,US,Technology,Web,Orlando,FL,1464772387,1465468668,1467012720,1
1493,ImmerSea: Subversive Submersibles,Experimental artists and field biologists invited to create a project at the Digital Naturalism Conference in Thailand.,2000.0,7.601402334583733,USD,US,Art,Video Art,Phuket,Phuket,1520733760,1523113565,1525705565,0
1749,Big Brown Eyes' Debut Zine,We are a comic & illustration collective of three sisters aiming to launch our first zine at the Bristol Comic and Zine Fair in October,200.0,5.303304908059076,GBP,GB,Comics,Anthologies,South Yorkshire,England,1439379793,1439758485,1442350485,1
369,"The Dual plus | EDC, All in One Snap","A quick-switch phone lanyard with 2 length modes & specially designed EDC storage. Stay hands-free, secure, and ready in every moment.",5000.0,8.517393171418904,USD,US,Design,Product Design,Taipei City,Taipei City,1744342659,1745423992,1747972800,1
698,Moirai: Revolutionizing Custom Fashion Wear,"Bespoke Clothing, Unique for You - 1) Create/Send design 2) Manufactured 3) Sent right to you! All at a reasonable price",20000.0,9.90353755128617,USD,US,Fashion,Couture,San Diego,CA,1717363521,1717595386,1720187386,0
128,Pazleum - 3D Jigsaw Puzzle Museum,"Build 3D jigsaw puzzles of sculptures and other works of art. A visually stunning, relaxing experience with intuitive gameplay.",25000.0,10.12667110305036,CAD,CA,Games,Video Games,Montreal,QC,1759779715,1760360021,1762955621,0
125,Cat Packs: Purrstock Festival,Take your cats to Purrstock Festival for new experiences and groovy tunes!,1000.0,6.90875477931522,EUR,SE,Games,Tabletop Games,Tyresö,Stockholm,1752305965,1761048442,1763039242,1
1433,Weekend At Terminus Manor,A weekend long immersive Victorian Parlor LARP.,1600.0,7.378383712996715,USD,US,Games,Live Games,Rome,GA,1532320348,1534453950,1539637950,1
1842,Political and Philosophical Themes in Star Trek,"An academic reflection into the political and philosophical themes from Star Trek, the original series. Later series in future volumes.",2500.0,7.824445930877619,USD,US,Publishing,Academic,Chicago,IL,1404843897,1405069071,1407488271,0
615,Anthologies of the Damned: 3 multi-author horror collections,A horror trilogy just in time for Halloween! Each book features 13 tales each from your new favorite writers and from old masters.,1000.0,6.90875477931522,USD,US,Publishing,Anthologies,Waterloo,IA,1722274656,1727711863,1729007863,1
623,"Garden of the Goddess: Art, Community, and Retail Magic","Support the launch of Garden of the Goddess Collective, a Manitou Springs retail space blending art, community, and unique handcrafted",3000.0,8.006700845440367,USD,US,Art,Art,Manitou Springs,CO,1725028748,1725289724,1727881724,0
1263,Pollination Board,A website where farmers and beekeepers meet to arrange for pollination services.,15000.0,9.61587214452889,USD,US,Technology,Web,Sacramento,CA,1571458167,1574881066,1577473066,0
1649,"David Noll's CD Album Project ""Serenade to a Life""",Making this new album is the beginning of a journey to share songs that I've written and find a larger audience for my music.,1500.0,7.313886831633462,USD,US,Music,Country & Folk,Milwaukee,WI,1473369672,1475208863,1477285140,1
425,Fine. Art!,A Hardcover Modern Fine Art Nude Photography Book,1000.0,6.90875477931522,USD,US,Photography,Fine Art,Austin,TX,1740863572,1742139135,1744606740,1
1367,Handmade and Hand Painted Real Wax Easter Bunny LED Lights,"This Easter, decorate your holiday with our latest unique innovative handmade and hand painted real wax Easter bunny LED lights",500.0,6.2166061010848646,USD,US,Crafts,Candles,Houston,TX,1552699852,1553153967,1554881967,0
137,✦︎ Everyday Onigiri Ita Bag ✦︎,"A sweet onigiri ita bag that can serve as a simple everyday bag to display your enamel pins, charms and more!",3000.0,8.006700845440367,USD,US,Fashion,Accessories,Atlanta,GA,1735568981,1759247960,1762545600,1
667,The Dragon and the Witch Book By V. DeLuna,Make This Fantasy a Reality – Your Support Brings the Story to Life!,15000.0,9.61587214452889,USD,US,Publishing,Fiction,Barstow,CA,1716107996,1720422623,1723014623,0
1673,Comichaus - The New British Monthly Comic Book Anthology,"New British Indie Monthly. Covers by Glenn Fabry, John McCrea & Carlos Ezquerra and featuring the best up and coming indie creators.",4746.0,8.465268118551318,GBP,GB,Comics,Anthologies,Devon,England,1455653075,1464815664,1467400200,1
1818,French Whorehouse Perfume,"""French Whorehouse""... what more needs to be said?",10.0,2.3978952727983707,USD,US,Fashion,Ready-to-wear,Port Richey,FL,1410890064,1410915439,1413482040,1
1661,OUR LITTLE SECRET BIKINI INSERT,Introducing our OUR LITTLE SECRET bikini inserts. The worlds first waterproof adhesive inserts designed especially for bikinis.,5000.0,8.517393171418904,CAD,CA,Fashion,Ready-to-wear,Vancouver,BC,1455262654,1469518416,1472888016,1
16,Witchy Baby Bat Plushies,A huggable spooky bat plush who crossed oceans of time to cuddle you.,2000.0,7.601402334583733,USD,US,Design,Toys,Statesville,NC,1767024470,1769201969,1771793969,1
201,The Dating Ban: From Page to Steamy Audio,"A laugh-out-loud British romcom with a curvy heroine, a dorky single dad, and one chaotic clay gnome a, coming to audio with your help.",1500.0,7.313886831633462,GBP,GB,Publishing,Comedy,London,England,1755005896,1756553862,1759145862,1
1753,BZ Video Fashion Wear,"BZ Video Fashion Wear will produce motion graphics and video display components, for a range of fashion merchandise and other products.",7500.0,8.922791623969637,USD,US,Art,Video Art,Los Angeles,CA,1427863225,1438615965,1441207965,0
399,Zero Mk2: The World’s Only Card-Sized Pen That Transforms,All-new & upgraded—54 refined precision-engineered parts transform into a card-sized writing tool that fits perfectly in your pocket.,5000.0,8.517393171418904,USD,US,Design,Product Design,New York,NY,1738738124,1742284801,1746417600,1
1186,Gwen - Fundraising for festivals,We made a short film called Gwen and we love it and want to submit to festivals!,150.0,5.017279836814924,GBP,GB,Film & Video,Shorts,London,England,1591986624,1592139299,1594834200,1
253,⚔️ Carnal The Barbarian #1 - RAW ENTRY ⚔️,"The all-out comedic fantasy epic, fusing 'Berserk' style grit through a lighthearted 'Futurama' lens.",100.0,4.61512051684126,GBP,GB,Comics,Comic Books,Stafford,England,1747910321,1752202929,1755838800,1
